title,subreddit,ticker,timestamp,upvotes,comments,author
AMZN options play for next week,stocks,AMZN,2024-02-11 13:27:00,979,163,user_6701
INTC technical analysis - bullish breakout incoming,SecurityAnalysis,INTC,2024-12-02 19:30:00,298,45,user_3034
AMZN bear case - change my mind,SecurityAnalysis,AMZN,2024-11-26 15:33:00,773,6,user_4904
NVDA bear case - change my mind,investing,NVDA,2024-08-17 23:01:00,781,71,user_2899
"Bag holding QCOM, should I cut losses?",wallstreetbets,QCOM,2024-04-07 02:13:00,447,131,user_3685
Why I'm loading up on INTC shares,wallstreetbets,INTC,2024-11-12 03:12:00,287,176,user_1345
"Bag holding TSLA, should I cut losses?",investing,TSLA,2024-12-29 20:33:00,689,15,user_2805
INTC earnings play - what's your strategy?,investing,INTC,2024-01-23 00:36:00,847,143,user_8830
Why I'm loading up on META shares,stocks,META,2024-02-14 16:55:00,135,51,user_6941
TSLA earnings play - what's your strategy?,SecurityAnalysis,TSLA,2024-08-03 09:50:00,407,99,user_9903
"Bag holding META, should I cut losses?",investing,META,2024-02-10 02:46:00,61,191,user_2276
AMZN technical analysis - bullish breakout incoming,investing,AMZN,2024-12-31 02:39:00,549,16,user_8329
Why NVDA is my top pick for 2024,SecurityAnalysis,NVDA,2024-10-21 23:23:00,125,136,user_1225
AAPL options play for next week,investing,AAPL,2024-06-18 08:03:00,501,10,user_1360
GOOGL technical analysis - bullish breakout incoming,SecurityAnalysis,GOOGL,2024-03-08 02:35:00,280,191,user_1711
DD: TSLA is undervalued at current price,SecurityAnalysis,TSLA,2024-08-26 17:07:00,377,60,user_7688
GOOGL options play for next week,investing,GOOGL,2024-07-17 23:56:00,321,109,user_6626
Why I'm loading up on TSLA shares,wallstreetbets,TSLA,2024-06-23 02:07:00,549,109,user_9703
GOOGL technical analysis - bullish breakout incoming,stocks,GOOGL,2024-03-14 17:11:00,964,129,user_5752
DD: GOOGL is undervalued at current price,stocks,GOOGL,2024-01-06 00:30:00,125,172,user_9543
DD: AMZN is undervalued at current price,stocks,AMZN,2024-08-10 13:49:00,998,152,user_9010
AAPL technical analysis - bullish breakout incoming,investing,AAPL,2024-12-05 01:22:00,724,83,user_3841
Why QCOM is my top pick for 2024,investing,QCOM,2024-12-06 11:45:00,930,130,user_7038
NVDA technical analysis - bullish breakout incoming,SecurityAnalysis,NVDA,2024-01-27 11:18:00,187,77,user_7470
NVDA options play for next week,investing,NVDA,2024-08-06 13:01:00,470,23,user_4844
"Bag holding GOOGL, should I cut losses?",SecurityAnalysis,GOOGL,2024-05-16 17:13:00,667,151,user_2030
QCOM options play for next week,wallstreetbets,QCOM,2024-03-01 14:10:00,286,6,user_2115
AMZN earnings play - what's your strategy?,stocks,AMZN,2024-08-13 06:44:00,851,54,user_9078
MSFT bear case - change my mind,wallstreetbets,MSFT,2024-05-01 09:40:00,689,186,user_9551
DD: NVDA is undervalued at current price,wallstreetbets,NVDA,2024-01-16 13:34:00,75,148,user_8407
INTC options play for next week,investing,INTC,2024-01-06 07:06:00,995,10,user_9552
AMD options play for next week,stocks,AMD,2024-09-26 18:44:00,574,32,user_6480
AAPL options play for next week,wallstreetbets,AAPL,2024-03-30 13:23:00,219,159,user_8554
"Bag holding NVDA, should I cut losses?",stocks,NVDA,2024-06-23 08:16:00,514,60,user_9729
INTC earnings play - what's your strategy?,stocks,INTC,2024-07-06 20:04:00,921,106,user_8257
QCOM bear case - change my mind,investing,QCOM,2024-03-15 20:58:00,228,42,user_4849
"Bag holding MSFT, should I cut losses?",stocks,MSFT,2024-09-20 02:40:00,644,161,user_9193
AMZN options play for next week,wallstreetbets,AMZN,2024-10-23 21:31:00,493,177,user_2976
TSLA earnings play - what's your strategy?,wallstreetbets,TSLA,2024-12-08 05:09:00,822,77,user_1633
Why I'm loading up on META shares,investing,META,2024-09-02 02:30:00,176,105,user_6847
MSFT options play for next week,wallstreetbets,MSFT,2024-04-07 05:21:00,522,104,user_3109
AAPL bear case - change my mind,investing,AAPL,2024-07-29 06:53:00,674,179,user_3402
"Bag holding TSLA, should I cut losses?",stocks,TSLA,2024-02-13 08:56:00,520,15,user_8224
Why INTC is my top pick for 2024,investing,INTC,2024-11-12 00:49:00,62,82,user_5779
GOOGL technical analysis - bullish breakout incoming,wallstreetbets,GOOGL,2024-04-08 22:40:00,571,9,user_8764
INTC options play for next week,stocks,INTC,2024-09-24 01:00:00,53,51,user_8940
Why I'm loading up on GOOGL shares,investing,GOOGL,2024-09-17 09:34:00,109,48,user_7746
"Bag holding INTC, should I cut losses?",stocks,INTC,2024-03-09 00:06:00,752,59,user_5314
QCOM technical analysis - bullish breakout incoming,investing,QCOM,2024-02-08 08:40:00,474,110,user_8209
TSLA bear case - change my mind,investing,TSLA,2024-10-19 02:09:00,237,42,user_5931
GOOGL bear case - change my mind,investing,GOOGL,2024-09-01 04:24:00,113,158,user_7927
AMZN options play for next week,SecurityAnalysis,AMZN,2024-06-01 20:20:00,217,86,user_1331
AAPL earnings play - what's your strategy?,investing,AAPL,2024-04-26 00:49:00,910,77,user_8097
"Bag holding AMD, should I cut losses?",SecurityAnalysis,AMD,2024-06-06 07:03:00,256,155,user_6412
AMD earnings play - what's your strategy?,stocks,AMD,2024-06-07 05:42:00,329,160,user_8225
MSFT options play for next week,stocks,MSFT,2024-03-25 14:55:00,131,158,user_6607
"Bag holding AMD, should I cut losses?",wallstreetbets,AMD,2024-07-20 21:57:00,329,169,user_7061
GOOGL earnings play - what's your strategy?,stocks,GOOGL,2024-04-04 02:39:00,429,21,user_9513
"Bag holding INTC, should I cut losses?",investing,INTC,2024-09-29 16:11:00,713,73,user_5084
Why QCOM is my top pick for 2024,SecurityAnalysis,QCOM,2024-08-04 02:05:00,928,45,user_8914
QCOM options play for next week,wallstreetbets,QCOM,2024-05-17 06:50:00,209,156,user_9886
MSFT bear case - change my mind,investing,MSFT,2024-02-11 18:56:00,477,187,user_6773
Why I'm loading up on META shares,investing,META,2024-02-08 10:15:00,453,46,user_5766
Why AMZN is my top pick for 2024,wallstreetbets,AMZN,2024-01-25 15:39:00,448,124,user_4408
"Bag holding GOOGL, should I cut losses?",SecurityAnalysis,GOOGL,2024-12-01 18:02:00,979,144,user_3552
MSFT bear case - change my mind,SecurityAnalysis,MSFT,2024-12-03 14:01:00,916,160,user_6737
MSFT technical analysis - bullish breakout incoming,SecurityAnalysis,MSFT,2024-02-13 22:16:00,287,194,user_9299
Why TSLA is my top pick for 2024,stocks,TSLA,2024-10-18 01:50:00,100,139,user_1873
"Bag holding AMZN, should I cut losses?",investing,AMZN,2024-07-11 15:14:00,8,49,user_8719
"Bag holding INTC, should I cut losses?",SecurityAnalysis,INTC,2024-12-21 07:18:00,210,176,user_3803
TSLA earnings play - what's your strategy?,stocks,TSLA,2024-03-15 23:40:00,581,62,user_7643
DD: MSFT is undervalued at current price,wallstreetbets,MSFT,2024-06-11 12:08:00,987,114,user_6492
DD: META is undervalued at current price,SecurityAnalysis,META,2024-02-01 09:50:00,906,62,user_5443
META options play for next week,stocks,META,2024-12-09 00:18:00,523,161,user_7365
Why I'm loading up on AAPL shares,stocks,AAPL,2024-01-09 14:47:00,597,162,user_7796
TSLA options play for next week,investing,TSLA,2024-06-30 00:50:00,885,73,user_8842
INTC technical analysis - bullish breakout incoming,wallstreetbets,INTC,2024-08-13 17:25:00,782,2,user_9360
QCOM earnings play - what's your strategy?,wallstreetbets,QCOM,2024-05-20 04:44:00,743,128,user_4282
"Bag holding AMZN, should I cut losses?",investing,AMZN,2024-06-27 16:44:00,700,10,user_1203
AMZN options play for next week,investing,AMZN,2024-03-16 04:32:00,910,101,user_9075
Why I'm loading up on MSFT shares,investing,MSFT,2024-03-05 19:45:00,456,167,user_4827
MSFT bear case - change my mind,investing,MSFT,2024-11-10 14:13:00,138,153,user_3018
AAPL technical analysis - bullish breakout incoming,wallstreetbets,AAPL,2024-12-15 01:55:00,708,187,user_7985
AMD bear case - change my mind,stocks,AMD,2024-03-24 04:22:00,803,182,user_5383
Why MSFT is my top pick for 2024,wallstreetbets,MSFT,2024-07-10 06:07:00,465,90,user_7656
INTC earnings play - what's your strategy?,investing,INTC,2024-12-25 22:45:00,383,109,user_4706
"Bag holding MSFT, should I cut losses?",investing,MSFT,2024-11-18 13:42:00,991,197,user_1416
"Bag holding AMD, should I cut losses?",SecurityAnalysis,AMD,2024-06-12 15:41:00,136,127,user_6187
"Bag holding MSFT, should I cut losses?",investing,MSFT,2024-04-14 21:57:00,691,185,user_6326
Why TSLA is my top pick for 2024,wallstreetbets,TSLA,2024-04-02 10:29:00,255,155,user_9442
META technical analysis - bullish breakout incoming,investing,META,2024-08-09 13:46:00,873,126,user_9525
"Bag holding INTC, should I cut losses?",investing,INTC,2024-09-21 01:50:00,366,181,user_3117
AMD bear case - change my mind,SecurityAnalysis,AMD,2024-11-08 18:13:00,133,48,user_2308
Why I'm loading up on TSLA shares,stocks,TSLA,2024-04-20 03:57:00,242,82,user_2736
Why NVDA is my top pick for 2024,investing,NVDA,2024-12-10 14:51:00,899,163,user_1015
"Bag holding AMZN, should I cut losses?",SecurityAnalysis,AMZN,2024-02-29 21:57:00,435,100,user_9739
Why I'm loading up on INTC shares,SecurityAnalysis,INTC,2024-02-18 21:01:00,376,166,user_6173
AMD technical analysis - bullish breakout incoming,wallstreetbets,AMD,2024-08-12 07:57:00,524,197,user_2529
DD: AMD is undervalued at current price,investing,AMD,2024-09-24 03:54:00,604,66,user_6503
Why I'm loading up on QCOM shares,wallstreetbets,QCOM,2024-09-01 13:08:00,441,50,user_1368
AMD technical analysis - bullish breakout incoming,stocks,AMD,2024-04-01 13:50:00,497,33,user_3003
NVDA options play for next week,investing,NVDA,2024-04-09 09:13:00,664,183,user_8734
AAPL earnings play - what's your strategy?,stocks,AAPL,2024-06-12 17:38:00,585,171,user_9050
DD: AMZN is undervalued at current price,wallstreetbets,AMZN,2024-02-01 05:30:00,199,112,user_7538
AMD bear case - change my mind,SecurityAnalysis,AMD,2024-04-25 06:33:00,913,38,user_1749
NVDA options play for next week,wallstreetbets,NVDA,2024-06-10 22:15:00,623,152,user_2862
DD: QCOM is undervalued at current price,stocks,QCOM,2024-05-05 02:05:00,996,101,user_3852
META technical analysis - bullish breakout incoming,investing,META,2024-03-03 05:06:00,836,125,user_4570
Why QCOM is my top pick for 2024,wallstreetbets,QCOM,2024-01-20 10:04:00,209,176,user_1415
QCOM technical analysis - bullish breakout incoming,investing,QCOM,2024-01-10 21:14:00,914,79,user_7462
Why I'm loading up on AAPL shares,stocks,AAPL,2024-10-03 11:06:00,153,67,user_4588
DD: META is undervalued at current price,wallstreetbets,META,2024-02-17 03:03:00,904,168,user_6358
Why AMZN is my top pick for 2024,SecurityAnalysis,AMZN,2024-12-20 23:07:00,264,125,user_6724
Why I'm loading up on AMD shares,investing,AMD,2024-12-10 00:30:00,818,89,user_6849
AAPL bear case - change my mind,wallstreetbets,AAPL,2024-08-19 16:56:00,243,155,user_8366
AAPL bear case - change my mind,stocks,AAPL,2024-04-19 08:37:00,748,165,user_9584
Why I'm loading up on AMD shares,wallstreetbets,AMD,2024-09-13 16:11:00,520,195,user_1612
Why AMD is my top pick for 2024,stocks,AMD,2024-03-16 05:40:00,40,173,user_3894
"Bag holding TSLA, should I cut losses?",wallstreetbets,TSLA,2024-03-16 00:36:00,306,194,user_8813
INTC options play for next week,SecurityAnalysis,INTC,2024-04-14 23:58:00,8,44,user_2199
META options play for next week,wallstreetbets,META,2024-11-02 22:10:00,876,165,user_8439
Why NVDA is my top pick for 2024,wallstreetbets,NVDA,2024-09-19 07:36:00,748,183,user_4494
NVDA technical analysis - bullish breakout incoming,wallstreetbets,NVDA,2024-05-27 17:04:00,446,60,user_6444
DD: AMZN is undervalued at current price,wallstreetbets,AMZN,2024-12-21 09:13:00,825,134,user_7915
META options play for next week,investing,META,2024-11-20 11:03:00,129,98,user_4308
Why I'm loading up on TSLA shares,SecurityAnalysis,TSLA,2024-05-21 02:48:00,286,51,user_5229
AMD earnings play - what's your strategy?,stocks,AMD,2024-05-16 22:28:00,125,90,user_1348
META earnings play - what's your strategy?,wallstreetbets,META,2024-11-27 05:18:00,981,122,user_2243
"Bag holding INTC, should I cut losses?",investing,INTC,2024-04-06 10:50:00,158,52,user_3459
"Bag holding QCOM, should I cut losses?",investing,QCOM,2024-03-10 20:49:00,106,194,user_7344
DD: AMD is undervalued at current price,SecurityAnalysis,AMD,2024-07-15 20:01:00,786,60,user_5266
GOOGL bear case - change my mind,investing,GOOGL,2024-03-08 01:13:00,298,82,user_2663
INTC options play for next week,wallstreetbets,INTC,2024-09-04 12:45:00,704,10,user_6011
META bear case - change my mind,wallstreetbets,META,2024-06-10 02:24:00,895,90,user_7804
TSLA bear case - change my mind,wallstreetbets,TSLA,2024-01-21 12:47:00,524,191,user_8036
AMD earnings play - what's your strategy?,SecurityAnalysis,AMD,2024-06-25 10:58:00,550,126,user_9968
AMZN bear case - change my mind,SecurityAnalysis,AMZN,2024-09-07 20:21:00,526,174,user_8415
MSFT earnings play - what's your strategy?,wallstreetbets,MSFT,2024-10-08 22:58:00,761,39,user_9945
"Bag holding AAPL, should I cut losses?",SecurityAnalysis,AAPL,2024-09-26 16:49:00,799,110,user_3946
Why I'm loading up on TSLA shares,SecurityAnalysis,TSLA,2024-06-20 13:59:00,583,168,user_3694
GOOGL earnings play - what's your strategy?,wallstreetbets,GOOGL,2024-01-01 14:07:00,190,178,user_9575
Why QCOM is my top pick for 2024,wallstreetbets,QCOM,2024-02-23 01:33:00,835,73,user_5577
Why I'm loading up on META shares,SecurityAnalysis,META,2024-03-23 09:58:00,769,140,user_6732
Why INTC is my top pick for 2024,wallstreetbets,INTC,2024-08-07 15:40:00,880,107,user_8280
GOOGL options play for next week,wallstreetbets,GOOGL,2024-02-08 04:29:00,897,105,user_4721
DD: QCOM is undervalued at current price,stocks,QCOM,2024-05-14 13:31:00,484,159,user_4988
INTC bear case - change my mind,investing,INTC,2024-08-27 01:36:00,933,35,user_9228
AMZN technical analysis - bullish breakout incoming,SecurityAnalysis,AMZN,2024-08-07 20:44:00,581,155,user_4652
"Bag holding QCOM, should I cut losses?",investing,QCOM,2024-01-20 08:42:00,995,67,user_8459
META bear case - change my mind,stocks,META,2024-08-18 07:04:00,21,24,user_7004
Why I'm loading up on TSLA shares,SecurityAnalysis,TSLA,2024-01-22 11:15:00,151,48,user_5279
AMD technical analysis - bullish breakout incoming,SecurityAnalysis,AMD,2024-11-20 07:48:00,28,190,user_1655
"Bag holding AAPL, should I cut losses?",SecurityAnalysis,AAPL,2024-06-05 16:20:00,213,108,user_2166
GOOGL options play for next week,wallstreetbets,GOOGL,2024-05-07 04:03:00,458,123,user_9968
"Bag holding AAPL, should I cut losses?",stocks,AAPL,2024-04-07 16:51:00,465,138,user_3733
GOOGL technical analysis - bullish breakout incoming,investing,GOOGL,2024-05-19 08:42:00,68,50,user_7861
Why META is my top pick for 2024,stocks,META,2024-12-21 06:26:00,939,5,user_5683
DD: AMD is undervalued at current price,SecurityAnalysis,AMD,2024-05-04 10:34:00,835,59,user_1815
META bear case - change my mind,stocks,META,2024-06-23 11:15:00,710,186,user_3329
"Bag holding MSFT, should I cut losses?",SecurityAnalysis,MSFT,2024-11-07 15:38:00,927,191,user_6953
"Bag holding AMZN, should I cut losses?",investing,AMZN,2024-05-31 23:28:00,224,114,user_4268
QCOM options play for next week,wallstreetbets,QCOM,2024-04-15 09:49:00,431,58,user_3952
AMZN bear case - change my mind,stocks,AMZN,2024-03-13 06:48:00,17,165,user_7135
DD: GOOGL is undervalued at current price,SecurityAnalysis,GOOGL,2024-02-02 02:46:00,885,119,user_6202
Why NVDA is my top pick for 2024,wallstreetbets,NVDA,2024-01-01 10:54:00,728,15,user_3688
AMD earnings play - what's your strategy?,wallstreetbets,AMD,2024-07-27 05:42:00,813,105,user_9759
DD: AMZN is undervalued at current price,investing,AMZN,2024-02-11 21:29:00,893,161,user_4773
DD: TSLA is undervalued at current price,stocks,TSLA,2024-08-30 11:19:00,807,181,user_2892
Why I'm loading up on AAPL shares,investing,AAPL,2024-10-05 22:35:00,377,85,user_2886
MSFT bear case - change my mind,SecurityAnalysis,MSFT,2024-07-11 16:42:00,613,12,user_8612
MSFT technical analysis - bullish breakout incoming,investing,MSFT,2024-07-04 19:31:00,540,62,user_7815
QCOM options play for next week,wallstreetbets,QCOM,2024-09-24 19:17:00,652,135,user_3734
Why NVDA is my top pick for 2024,SecurityAnalysis,NVDA,2024-07-28 22:06:00,53,86,user_2750
GOOGL earnings play - what's your strategy?,stocks,GOOGL,2024-02-06 10:50:00,204,2,user_9224
GOOGL earnings play - what's your strategy?,investing,GOOGL,2024-10-21 20:28:00,500,97,user_5155
"Bag holding GOOGL, should I cut losses?",SecurityAnalysis,GOOGL,2024-12-29 09:35:00,782,28,user_3001
NVDA options play for next week,wallstreetbets,NVDA,2024-09-10 01:27:00,297,186,user_7640
Why I'm loading up on AAPL shares,SecurityAnalysis,AAPL,2024-03-17 02:34:00,515,99,user_3588
AMZN earnings play - what's your strategy?,SecurityAnalysis,AMZN,2024-03-26 16:56:00,126,78,user_7608
DD: AMZN is undervalued at current price,stocks,AMZN,2024-04-15 02:46:00,151,157,user_4377
Why TSLA is my top pick for 2024,stocks,TSLA,2024-11-12 03:25:00,595,99,user_4040
"Bag holding AMZN, should I cut losses?",SecurityAnalysis,AMZN,2024-01-28 23:59:00,319,26,user_9568
AAPL earnings play - what's your strategy?,stocks,AAPL,2024-12-31 23:34:00,965,55,user_7747
INTC options play for next week,SecurityAnalysis,INTC,2024-01-15 15:07:00,618,176,user_1236
Why I'm loading up on AMZN shares,stocks,AMZN,2024-04-13 10:51:00,92,130,user_2692
META options play for next week,stocks,META,2024-03-18 13:14:00,157,83,user_4009
NVDA bear case - change my mind,SecurityAnalysis,NVDA,2024-09-25 11:42:00,768,120,user_4529
Why INTC is my top pick for 2024,investing,INTC,2024-04-14 23:53:00,315,189,user_4270
AAPL earnings play - what's your strategy?,investing,AAPL,2024-06-11 08:27:00,44,104,user_5907
DD: AMZN is undervalued at current price,SecurityAnalysis,AMZN,2024-06-18 14:48:00,150,40,user_6034
"Bag holding MSFT, should I cut losses?",stocks,MSFT,2024-09-11 16:42:00,976,44,user_3590
DD: AMZN is undervalued at current price,stocks,AMZN,2024-02-21 18:14:00,73,116,user_4594
QCOM options play for next week,investing,QCOM,2024-10-14 18:21:00,619,145,user_9368
AMZN technical analysis - bullish breakout incoming,stocks,AMZN,2024-02-21 13:47:00,137,64,user_4118
INTC technical analysis - bullish breakout incoming,investing,INTC,2024-05-24 22:36:00,602,47,user_1633
GOOGL options play for next week,wallstreetbets,GOOGL,2024-01-11 21:21:00,265,110,user_1198
META earnings play - what's your strategy?,SecurityAnalysis,META,2024-02-29 06:35:00,238,134,user_4539
GOOGL earnings play - what's your strategy?,SecurityAnalysis,GOOGL,2024-04-18 15:12:00,895,51,user_2754
AAPL bear case - change my mind,investing,AAPL,2024-12-23 12:52:00,589,40,user_7509
AMD options play for next week,investing,AMD,2024-02-20 13:19:00,79,92,user_5323
QCOM options play for next week,wallstreetbets,QCOM,2024-05-22 13:48:00,832,33,user_7052
MSFT bear case - change my mind,wallstreetbets,MSFT,2024-06-26 15:05:00,336,194,user_5835
"Bag holding NVDA, should I cut losses?",SecurityAnalysis,NVDA,2024-06-19 06:42:00,696,130,user_8575
Why I'm loading up on META shares,investing,META,2024-01-08 09:19:00,935,81,user_3223
AAPL bear case - change my mind,wallstreetbets,AAPL,2024-10-12 01:26:00,564,43,user_1517
TSLA earnings play - what's your strategy?,investing,TSLA,2024-11-02 22:56:00,885,26,user_2361
Why QCOM is my top pick for 2024,investing,QCOM,2024-07-11 15:56:00,33,52,user_8106
INTC options play for next week,SecurityAnalysis,INTC,2024-05-24 22:39:00,813,103,user_5093
Why I'm loading up on MSFT shares,investing,MSFT,2024-01-06 00:07:00,979,130,user_1983
INTC technical analysis - bullish breakout incoming,investing,INTC,2024-06-08 06:33:00,607,136,user_2635
AMD earnings play - what's your strategy?,stocks,AMD,2024-03-14 03:58:00,860,166,user_4703
TSLA options play for next week,wallstreetbets,TSLA,2024-04-27 19:46:00,35,135,user_1764
NVDA options play for next week,investing,NVDA,2024-02-15 18:56:00,915,160,user_7142
QCOM options play for next week,SecurityAnalysis,QCOM,2024-09-10 13:57:00,188,82,user_3312
META bear case - change my mind,wallstreetbets,META,2024-05-17 18:22:00,41,103,user_7934
Why META is my top pick for 2024,investing,META,2024-07-13 08:55:00,282,144,user_2343
MSFT options play for next week,wallstreetbets,MSFT,2024-08-20 00:09:00,789,173,user_4796
AMZN bear case - change my mind,wallstreetbets,AMZN,2024-01-12 19:49:00,849,116,user_1017
QCOM options play for next week,stocks,QCOM,2024-03-14 12:47:00,282,112,user_1229
INTC options play for next week,SecurityAnalysis,INTC,2024-01-30 01:12:00,916,57,user_4076
Why I'm loading up on MSFT shares,wallstreetbets,MSFT,2024-08-20 18:12:00,671,162,user_3487
AMZN earnings play - what's your strategy?,SecurityAnalysis,AMZN,2024-04-28 12:11:00,512,73,user_8028
QCOM bear case - change my mind,investing,QCOM,2024-06-16 11:25:00,849,176,user_2492
Why I'm loading up on META shares,investing,META,2024-01-15 02:46:00,954,138,user_8116
"Bag holding AMZN, should I cut losses?",wallstreetbets,AMZN,2024-12-10 09:53:00,573,111,user_1210
AAPL technical analysis - bullish breakout incoming,investing,AAPL,2024-01-19 13:59:00,511,42,user_9396
DD: INTC is undervalued at current price,investing,INTC,2024-12-02 10:55:00,826,101,user_9703
Why INTC is my top pick for 2024,wallstreetbets,INTC,2024-08-06 19:01:00,199,130,user_8520
DD: AMD is undervalued at current price,stocks,AMD,2024-09-12 14:27:00,907,106,user_3188
NVDA technical analysis - bullish breakout incoming,stocks,NVDA,2024-06-23 19:47:00,541,89,user_2647
"Bag holding INTC, should I cut losses?",SecurityAnalysis,INTC,2024-07-21 04:43:00,67,107,user_3340
GOOGL options play for next week,stocks,GOOGL,2024-12-20 10:01:00,396,31,user_1004
Why NVDA is my top pick for 2024,wallstreetbets,NVDA,2024-06-16 16:59:00,836,1,user_1495
"Bag holding META, should I cut losses?",wallstreetbets,META,2024-04-10 01:40:00,875,72,user_7294
AAPL earnings play - what's your strategy?,investing,AAPL,2024-02-14 16:17:00,215,31,user_2634
GOOGL bear case - change my mind,stocks,GOOGL,2024-11-03 15:23:00,720,14,user_9467
"Bag holding QCOM, should I cut losses?",SecurityAnalysis,QCOM,2024-03-03 22:17:00,184,197,user_7510
QCOM options play for next week,investing,QCOM,2024-06-20 17:29:00,537,163,user_2447
DD: MSFT is undervalued at current price,investing,MSFT,2024-04-04 20:13:00,807,51,user_3241
Why I'm loading up on INTC shares,investing,INTC,2024-04-09 17:45:00,215,199,user_7660
AMD bear case - change my mind,SecurityAnalysis,AMD,2024-07-23 04:12:00,253,71,user_9707
MSFT bear case - change my mind,wallstreetbets,MSFT,2024-04-13 22:37:00,56,91,user_4313
"Bag holding QCOM, should I cut losses?",stocks,QCOM,2024-09-30 22:25:00,812,31,user_7129
DD: GOOGL is undervalued at current price,investing,GOOGL,2024-07-17 02:14:00,378,28,user_6719
AAPL technical analysis - bullish breakout incoming,wallstreetbets,AAPL,2024-07-01 09:08:00,643,118,user_3123
DD: GOOGL is undervalued at current price,stocks,GOOGL,2024-04-10 11:03:00,168,185,user_4327
META earnings play - what's your strategy?,investing,META,2024-09-27 09:23:00,450,183,user_1912
AAPL options play for next week,wallstreetbets,AAPL,2024-05-30 09:51:00,617,118,user_7579
AAPL bear case - change my mind,stocks,AAPL,2024-03-01 05:12:00,62,14,user_6197
DD: INTC is undervalued at current price,SecurityAnalysis,INTC,2024-11-14 10:17:00,89,172,user_8135
AAPL technical analysis - bullish breakout incoming,wallstreetbets,AAPL,2024-02-29 00:30:00,444,2,user_7544
TSLA earnings play - what's your strategy?,investing,TSLA,2024-12-29 02:29:00,391,117,user_5147
Why NVDA is my top pick for 2024,SecurityAnalysis,NVDA,2024-10-05 07:40:00,474,109,user_6902
AAPL bear case - change my mind,SecurityAnalysis,AAPL,2024-01-28 13:13:00,379,129,user_2644
DD: GOOGL is undervalued at current price,stocks,GOOGL,2024-01-11 01:43:00,988,143,user_2630
"Bag holding INTC, should I cut losses?",wallstreetbets,INTC,2024-12-17 04:30:00,849,96,user_1905
Why I'm loading up on MSFT shares,SecurityAnalysis,MSFT,2024-09-25 15:29:00,566,7,user_6421
MSFT options play for next week,investing,MSFT,2024-06-20 22:57:00,56,99,user_6852
Why I'm loading up on AAPL shares,stocks,AAPL,2024-04-14 18:39:00,767,199,user_5661
Why I'm loading up on AAPL shares,wallstreetbets,AAPL,2024-01-01 01:50:00,797,103,user_9237
Why I'm loading up on MSFT shares,investing,MSFT,2024-06-12 17:50:00,146,110,user_8650
DD: MSFT is undervalued at current price,SecurityAnalysis,MSFT,2024-06-21 09:58:00,975,9,user_4971
TSLA bear case - change my mind,SecurityAnalysis,TSLA,2024-06-15 22:02:00,523,115,user_1551
AMD technical analysis - bullish breakout incoming,wallstreetbets,AMD,2024-10-04 05:52:00,456,94,user_8174
Why QCOM is my top pick for 2024,stocks,QCOM,2024-01-31 22:46:00,592,97,user_7955
Why GOOGL is my top pick for 2024,investing,GOOGL,2024-08-01 14:05:00,93,154,user_7925
Why I'm loading up on GOOGL shares,investing,GOOGL,2024-06-28 22:49:00,752,102,user_8361
AMZN bear case - change my mind,wallstreetbets,AMZN,2024-04-12 13:42:00,855,188,user_5175
Why I'm loading up on META shares,SecurityAnalysis,META,2024-11-23 02:08:00,716,114,user_6404
META technical analysis - bullish breakout incoming,investing,META,2024-11-26 10:41:00,307,171,user_3240
META bear case - change my mind,wallstreetbets,META,2024-03-23 04:38:00,352,113,user_7634
NVDA options play for next week,wallstreetbets,NVDA,2024-07-31 23:59:00,703,4,user_2299
NVDA earnings play - what's your strategy?,SecurityAnalysis,NVDA,2024-04-18 03:44:00,136,185,user_1228
"Bag holding NVDA, should I cut losses?",SecurityAnalysis,NVDA,2024-08-25 07:32:00,27,52,user_8756
Why I'm loading up on AMD shares,wallstreetbets,AMD,2024-01-25 08:15:00,951,110,user_5052
Why I'm loading up on NVDA shares,stocks,NVDA,2024-03-28 04:02:00,961,55,user_1721
TSLA bear case - change my mind,wallstreetbets,TSLA,2024-07-23 09:45:00,996,85,user_2072
TSLA technical analysis - bullish breakout incoming,investing,TSLA,2024-09-28 05:34:00,612,85,user_4974
MSFT options play for next week,wallstreetbets,MSFT,2024-05-01 21:23:00,535,126,user_7444
Why I'm loading up on QCOM shares,SecurityAnalysis,QCOM,2024-09-18 04:06:00,309,143,user_9760
QCOM technical analysis - bullish breakout incoming,SecurityAnalysis,QCOM,2024-04-03 19:26:00,825,180,user_5678
AAPL options play for next week,SecurityAnalysis,AAPL,2024-09-24 16:12:00,203,137,user_4252
AAPL bear case - change my mind,stocks,AAPL,2024-11-11 22:45:00,482,59,user_3479
DD: NVDA is undervalued at current price,stocks,NVDA,2024-02-09 01:06:00,240,15,user_3719
DD: MSFT is undervalued at current price,investing,MSFT,2024-01-23 15:14:00,667,192,user_2780
DD: TSLA is undervalued at current price,stocks,TSLA,2024-02-18 17:18:00,750,8,user_6825
AMD earnings play - what's your strategy?,wallstreetbets,AMD,2024-02-12 04:17:00,956,2,user_1353
"Bag holding NVDA, should I cut losses?",stocks,NVDA,2024-06-11 13:50:00,20,58,user_8489
META options play for next week,stocks,META,2024-11-14 17:48:00,522,122,user_6145
Why I'm loading up on META shares,SecurityAnalysis,META,2024-11-21 20:33:00,620,42,user_7173
AAPL options play for next week,wallstreetbets,AAPL,2024-07-21 16:25:00,971,194,user_3917
"Bag holding AMD, should I cut losses?",stocks,AMD,2024-03-29 20:21:00,260,39,user_1702
QCOM options play for next week,investing,QCOM,2024-06-13 08:16:00,937,3,user_5317
AMD earnings play - what's your strategy?,stocks,AMD,2024-12-03 02:30:00,617,146,user_7134
AMZN options play for next week,investing,AMZN,2024-11-05 23:05:00,875,3,user_9569
DD: GOOGL is undervalued at current price,SecurityAnalysis,GOOGL,2024-07-17 05:13:00,668,114,user_6992
META technical analysis - bullish breakout incoming,investing,META,2024-11-04 15:03:00,409,58,user_1046
Why AAPL is my top pick for 2024,wallstreetbets,AAPL,2024-09-07 12:02:00,144,26,user_9576
"Bag holding TSLA, should I cut losses?",investing,TSLA,2024-01-29 22:35:00,717,81,user_4135
AMZN earnings play - what's your strategy?,wallstreetbets,AMZN,2024-03-09 09:03:00,290,79,user_9387
DD: AMD is undervalued at current price,stocks,AMD,2024-12-02 06:40:00,459,184,user_7636
META earnings play - what's your strategy?,stocks,META,2024-04-20 04:16:00,174,196,user_5331
AMZN earnings play - what's your strategy?,SecurityAnalysis,AMZN,2024-04-20 08:33:00,439,111,user_6415
Why I'm loading up on AAPL shares,stocks,AAPL,2024-01-22 10:47:00,239,34,user_4383
MSFT technical analysis - bullish breakout incoming,SecurityAnalysis,MSFT,2024-08-15 11:40:00,478,77,user_7009
MSFT earnings play - what's your strategy?,stocks,MSFT,2024-12-27 09:49:00,737,180,user_8969
Why MSFT is my top pick for 2024,investing,MSFT,2024-07-03 00:44:00,842,117,user_2281
"Bag holding META, should I cut losses?",stocks,META,2024-11-11 03:22:00,999,33,user_3436
"Bag holding TSLA, should I cut losses?",investing,TSLA,2024-10-25 14:29:00,114,91,user_3863
"Bag holding META, should I cut losses?",SecurityAnalysis,META,2024-07-31 19:28:00,715,46,user_8542
NVDA options play for next week,investing,NVDA,2024-09-21 04:09:00,542,159,user_3098
"Bag holding MSFT, should I cut losses?",investing,MSFT,2024-11-09 18:15:00,859,102,user_4617
Why I'm loading up on TSLA shares,SecurityAnalysis,TSLA,2024-11-30 19:55:00,140,38,user_6619
"Bag holding TSLA, should I cut losses?",wallstreetbets,TSLA,2024-06-28 18:06:00,127,122,user_2555
TSLA options play for next week,wallstreetbets,TSLA,2024-04-19 18:07:00,828,160,user_2893
AMD technical analysis - bullish breakout incoming,stocks,AMD,2024-01-29 11:00:00,370,108,user_8245
Why TSLA is my top pick for 2024,investing,TSLA,2024-01-13 05:57:00,742,158,user_8327
Why I'm loading up on INTC shares,investing,INTC,2024-12-05 14:01:00,991,148,user_6323
DD: META is undervalued at current price,investing,META,2024-03-06 00:28:00,521,64,user_5418
"Bag holding GOOGL, should I cut losses?",SecurityAnalysis,GOOGL,2024-04-23 07:38:00,456,79,user_6429
TSLA earnings play - what's your strategy?,wallstreetbets,TSLA,2024-02-18 12:18:00,890,163,user_7289
AMZN bear case - change my mind,stocks,AMZN,2024-05-01 23:26:00,734,42,user_3840
Why I'm loading up on MSFT shares,stocks,MSFT,2024-02-29 19:43:00,250,144,user_1345
QCOM technical analysis - bullish breakout incoming,SecurityAnalysis,QCOM,2024-06-13 13:05:00,556,35,user_8527
Why I'm loading up on TSLA shares,investing,TSLA,2024-11-24 03:24:00,350,136,user_6269
INTC earnings play - what's your strategy?,wallstreetbets,INTC,2024-07-12 23:15:00,976,173,user_5562
Why MSFT is my top pick for 2024,stocks,MSFT,2024-03-26 17:06:00,678,194,user_9109
INTC bear case - change my mind,stocks,INTC,2024-09-05 06:45:00,929,55,user_4404
Why GOOGL is my top pick for 2024,wallstreetbets,GOOGL,2024-11-21 12:41:00,776,196,user_7327
Why AMD is my top pick for 2024,wallstreetbets,AMD,2024-11-17 07:42:00,614,188,user_3318
Why AMZN is my top pick for 2024,investing,AMZN,2024-05-13 18:30:00,559,125,user_2516
AAPL bear case - change my mind,wallstreetbets,AAPL,2024-07-01 11:46:00,134,75,user_5037
"Bag holding META, should I cut losses?",stocks,META,2024-08-17 05:45:00,919,19,user_6140
DD: INTC is undervalued at current price,wallstreetbets,INTC,2024-12-01 05:32:00,131,67,user_2357
AAPL bear case - change my mind,investing,AAPL,2024-03-09 00:43:00,388,99,user_9497
AMD earnings play - what's your strategy?,stocks,AMD,2024-04-09 14:01:00,500,182,user_7366
"Bag holding AMZN, should I cut losses?",SecurityAnalysis,AMZN,2024-09-29 03:03:00,274,120,user_1546
Why I'm loading up on GOOGL shares,wallstreetbets,GOOGL,2024-12-03 21:22:00,699,99,user_3350
QCOM earnings play - what's your strategy?,stocks,QCOM,2024-08-10 02:44:00,439,36,user_7160
Why NVDA is my top pick for 2024,stocks,NVDA,2024-04-24 16:35:00,897,129,user_8881
AAPL earnings play - what's your strategy?,stocks,AAPL,2024-10-05 23:04:00,63,0,user_1793
MSFT earnings play - what's your strategy?,wallstreetbets,MSFT,2024-04-21 05:22:00,561,194,user_9820
"Bag holding INTC, should I cut losses?",wallstreetbets,INTC,2024-08-25 00:19:00,75,69,user_6895
Why I'm loading up on TSLA shares,stocks,TSLA,2024-11-17 12:50:00,948,123,user_3223
AMD options play for next week,investing,AMD,2024-03-17 15:49:00,333,144,user_8934
DD: MSFT is undervalued at current price,wallstreetbets,MSFT,2024-10-07 12:34:00,469,174,user_4247
GOOGL earnings play - what's your strategy?,wallstreetbets,GOOGL,2024-11-29 17:51:00,62,196,user_4967
AAPL technical analysis - bullish breakout incoming,wallstreetbets,AAPL,2024-01-18 23:42:00,374,11,user_2473
Why MSFT is my top pick for 2024,wallstreetbets,MSFT,2024-12-01 12:30:00,236,77,user_9245
META options play for next week,wallstreetbets,META,2024-11-22 19:53:00,829,65,user_5519
META bear case - change my mind,wallstreetbets,META,2024-11-03 00:57:00,749,185,user_1415
"Bag holding GOOGL, should I cut losses?",stocks,GOOGL,2024-09-17 18:08:00,287,168,user_1786
NVDA bear case - change my mind,SecurityAnalysis,NVDA,2024-07-21 12:27:00,45,74,user_2493
DD: META is undervalued at current price,stocks,META,2024-08-26 19:38:00,611,40,user_5083
AAPL bear case - change my mind,wallstreetbets,AAPL,2024-07-15 20:00:00,247,80,user_4432
Why I'm loading up on TSLA shares,wallstreetbets,TSLA,2024-11-21 14:20:00,73,67,user_5996
DD: AMZN is undervalued at current price,investing,AMZN,2024-03-18 05:29:00,377,159,user_5580
DD: INTC is undervalued at current price,wallstreetbets,INTC,2024-09-08 13:16:00,661,85,user_8216
GOOGL options play for next week,SecurityAnalysis,GOOGL,2024-11-18 22:31:00,164,130,user_3841
AMD options play for next week,SecurityAnalysis,AMD,2024-04-15 06:46:00,319,76,user_6314
"Bag holding INTC, should I cut losses?",investing,INTC,2024-01-11 01:08:00,602,44,user_2435
Why AMZN is my top pick for 2024,stocks,AMZN,2024-06-23 00:26:00,814,27,user_3122
META technical analysis - bullish breakout incoming,investing,META,2024-10-08 06:28:00,628,184,user_9714
META options play for next week,stocks,META,2024-02-22 20:33:00,520,47,user_6651
DD: MSFT is undervalued at current price,SecurityAnalysis,MSFT,2024-10-08 06:25:00,972,133,user_8635
META earnings play - what's your strategy?,investing,META,2024-07-26 23:17:00,123,18,user_9536
Why NVDA is my top pick for 2024,investing,NVDA,2024-05-15 12:23:00,892,69,user_5455
"Bag holding META, should I cut losses?",SecurityAnalysis,META,2024-07-19 16:32:00,403,104,user_4981
INTC technical analysis - bullish breakout incoming,stocks,INTC,2024-10-05 13:24:00,185,23,user_1992
META technical analysis - bullish breakout incoming,wallstreetbets,META,2024-08-22 17:03:00,44,151,user_8468
DD: QCOM is undervalued at current price,stocks,QCOM,2024-10-30 11:49:00,304,181,user_1163
"Bag holding AMD, should I cut losses?",stocks,AMD,2024-04-19 03:41:00,762,93,user_4948
Why I'm loading up on META shares,stocks,META,2024-10-25 17:20:00,270,132,user_3483
AMD bear case - change my mind,investing,AMD,2024-04-05 01:50:00,950,200,user_6572
NVDA technical analysis - bullish breakout incoming,stocks,NVDA,2024-02-24 13:38:00,136,185,user_8335
AAPL earnings play - what's your strategy?,wallstreetbets,AAPL,2024-03-07 04:50:00,345,64,user_7774
"Bag holding QCOM, should I cut losses?",investing,QCOM,2024-09-25 02:51:00,193,106,user_9216
"Bag holding AMD, should I cut losses?",wallstreetbets,AMD,2024-03-10 15:12:00,6,85,user_6914
NVDA bear case - change my mind,investing,NVDA,2024-10-15 07:26:00,477,170,user_4033
AMD earnings play - what's your strategy?,investing,AMD,2024-03-30 18:05:00,51,55,user_1541
AMD earnings play - what's your strategy?,wallstreetbets,AMD,2024-10-05 03:45:00,611,52,user_9485
Why I'm loading up on QCOM shares,wallstreetbets,QCOM,2024-12-10 23:13:00,8,191,user_6386
META bear case - change my mind,stocks,META,2024-05-16 19:39:00,318,33,user_6724
GOOGL earnings play - what's your strategy?,wallstreetbets,GOOGL,2024-02-11 13:05:00,62,6,user_9325
Why I'm loading up on MSFT shares,SecurityAnalysis,MSFT,2024-12-22 21:09:00,778,149,user_3137
DD: AMZN is undervalued at current price,wallstreetbets,AMZN,2024-04-04 12:57:00,708,171,user_7881
Why I'm loading up on META shares,SecurityAnalysis,META,2024-08-01 01:32:00,718,179,user_3190
Why GOOGL is my top pick for 2024,stocks,GOOGL,2024-10-02 07:50:00,371,20,user_2824
AAPL earnings play - what's your strategy?,investing,AAPL,2024-10-03 15:46:00,942,39,user_1650
TSLA technical analysis - bullish breakout incoming,SecurityAnalysis,TSLA,2024-03-17 05:03:00,653,7,user_7832
DD: MSFT is undervalued at current price,wallstreetbets,MSFT,2024-11-25 00:47:00,416,122,user_1024
QCOM technical analysis - bullish breakout incoming,SecurityAnalysis,QCOM,2024-08-10 22:12:00,530,66,user_7593
QCOM options play for next week,wallstreetbets,QCOM,2024-02-14 20:50:00,591,30,user_2350
"Bag holding AAPL, should I cut losses?",stocks,AAPL,2024-03-31 07:15:00,177,42,user_2675
DD: META is undervalued at current price,investing,META,2024-02-21 10:38:00,549,2,user_8559
TSLA options play for next week,SecurityAnalysis,TSLA,2024-10-22 19:11:00,473,57,user_5255
GOOGL options play for next week,stocks,GOOGL,2024-03-08 04:41:00,846,155,user_7038
Why TSLA is my top pick for 2024,wallstreetbets,TSLA,2024-11-03 09:06:00,760,89,user_9831
QCOM bear case - change my mind,stocks,QCOM,2024-04-29 22:07:00,695,3,user_9249
Why MSFT is my top pick for 2024,investing,MSFT,2024-10-13 13:24:00,75,9,user_2640
"Bag holding AMZN, should I cut losses?",wallstreetbets,AMZN,2024-06-19 06:36:00,483,8,user_1000
INTC technical analysis - bullish breakout incoming,SecurityAnalysis,INTC,2024-03-19 23:43:00,646,98,user_3346
Why NVDA is my top pick for 2024,stocks,NVDA,2024-01-10 22:46:00,45,130,user_6781
"Bag holding META, should I cut losses?",stocks,META,2024-09-24 22:07:00,70,112,user_3383
Why AMZN is my top pick for 2024,stocks,AMZN,2024-07-29 10:54:00,182,22,user_9709
INTC options play for next week,stocks,INTC,2024-02-02 07:51:00,592,48,user_4331
INTC technical analysis - bullish breakout incoming,investing,INTC,2024-10-13 12:15:00,356,146,user_5523
"Bag holding GOOGL, should I cut losses?",investing,GOOGL,2024-01-16 19:14:00,523,159,user_3851
AAPL options play for next week,SecurityAnalysis,AAPL,2024-02-06 11:17:00,632,7,user_2790
MSFT technical analysis - bullish breakout incoming,SecurityAnalysis,MSFT,2024-08-18 16:55:00,725,164,user_9839
Why INTC is my top pick for 2024,SecurityAnalysis,INTC,2024-10-14 22:09:00,30,6,user_4828
"Bag holding META, should I cut losses?",stocks,META,2024-12-26 12:21:00,782,17,user_9812
META bear case - change my mind,stocks,META,2024-12-06 06:57:00,42,139,user_7600
"Bag holding META, should I cut losses?",investing,META,2024-12-03 10:38:00,585,189,user_6269
"Bag holding AMD, should I cut losses?",wallstreetbets,AMD,2024-04-23 21:14:00,710,92,user_5740
Why META is my top pick for 2024,SecurityAnalysis,META,2024-05-19 21:43:00,778,63,user_8469
INTC technical analysis - bullish breakout incoming,wallstreetbets,INTC,2024-11-28 09:25:00,66,93,user_7701
Why I'm loading up on AMD shares,SecurityAnalysis,AMD,2024-04-08 20:00:00,947,125,user_3799
AAPL technical analysis - bullish breakout incoming,investing,AAPL,2024-05-08 13:51:00,797,198,user_9252
AAPL earnings play - what's your strategy?,SecurityAnalysis,AAPL,2024-11-29 12:44:00,355,89,user_4078
META technical analysis - bullish breakout incoming,investing,META,2024-07-09 00:52:00,961,146,user_2355
Why I'm loading up on INTC shares,investing,INTC,2024-03-29 00:08:00,538,42,user_8130
Why INTC is my top pick for 2024,investing,INTC,2024-10-03 17:55:00,88,81,user_5930
AMD technical analysis - bullish breakout incoming,investing,AMD,2024-07-09 22:35:00,292,66,user_6966
QCOM options play for next week,wallstreetbets,QCOM,2024-10-12 14:49:00,154,159,user_7411
GOOGL bear case - change my mind,stocks,GOOGL,2024-09-16 17:37:00,116,109,user_2122
GOOGL technical analysis - bullish breakout incoming,wallstreetbets,GOOGL,2024-11-05 21:06:00,290,87,user_5848
Why I'm loading up on QCOM shares,stocks,QCOM,2024-08-22 16:58:00,921,19,user_1076
INTC technical analysis - bullish breakout incoming,investing,INTC,2024-07-10 01:27:00,848,5,user_2504
INTC earnings play - what's your strategy?,wallstreetbets,INTC,2024-09-24 23:29:00,147,121,user_1375
INTC earnings play - what's your strategy?,stocks,INTC,2024-01-09 19:37:00,806,81,user_9635
"Bag holding GOOGL, should I cut losses?",stocks,GOOGL,2024-11-01 22:18:00,817,134,user_5152
MSFT technical analysis - bullish breakout incoming,investing,MSFT,2024-12-30 11:28:00,414,45,user_9387
QCOM options play for next week,SecurityAnalysis,QCOM,2024-12-05 21:37:00,843,53,user_6964
Why I'm loading up on META shares,investing,META,2024-08-20 13:56:00,550,0,user_6685
QCOM earnings play - what's your strategy?,wallstreetbets,QCOM,2024-08-25 11:20:00,174,129,user_2210
QCOM earnings play - what's your strategy?,SecurityAnalysis,QCOM,2024-08-19 05:34:00,379,86,user_1328
Why I'm loading up on QCOM shares,investing,QCOM,2024-04-04 14:41:00,948,57,user_8940
DD: AMD is undervalued at current price,wallstreetbets,AMD,2024-12-07 05:59:00,424,134,user_9705
NVDA bear case - change my mind,SecurityAnalysis,NVDA,2024-12-09 22:35:00,518,61,user_6105
"Bag holding META, should I cut losses?",investing,META,2024-11-10 02:07:00,149,182,user_2845
META bear case - change my mind,stocks,META,2024-03-16 03:06:00,369,32,user_2705
INTC bear case - change my mind,stocks,INTC,2024-12-06 08:31:00,346,80,user_9659
AMD bear case - change my mind,investing,AMD,2024-07-30 12:11:00,921,13,user_4012
Why I'm loading up on AMD shares,stocks,AMD,2024-04-18 15:03:00,9,5,user_1294
QCOM earnings play - what's your strategy?,SecurityAnalysis,QCOM,2024-11-03 08:04:00,901,183,user_1343
META options play for next week,wallstreetbets,META,2024-11-18 08:40:00,997,50,user_1474
MSFT options play for next week,stocks,MSFT,2024-12-26 02:37:00,889,70,user_8410
NVDA technical analysis - bullish breakout incoming,wallstreetbets,NVDA,2024-02-12 19:10:00,988,30,user_5416
QCOM bear case - change my mind,investing,QCOM,2024-04-28 17:24:00,628,180,user_7091
Why GOOGL is my top pick for 2024,SecurityAnalysis,GOOGL,2024-07-15 01:00:00,462,194,user_9520
Why I'm loading up on META shares,wallstreetbets,META,2024-09-24 03:29:00,302,126,user_2272
DD: TSLA is undervalued at current price,stocks,TSLA,2024-08-22 11:25:00,930,78,user_6482
Why MSFT is my top pick for 2024,investing,MSFT,2024-09-11 20:06:00,196,54,user_3273
Why AMD is my top pick for 2024,stocks,AMD,2024-09-24 09:49:00,102,17,user_2330
"Bag holding META, should I cut losses?",wallstreetbets,META,2024-01-01 05:59:00,892,20,user_3281
NVDA earnings play - what's your strategy?,stocks,NVDA,2024-01-22 16:12:00,642,17,user_4800
META options play for next week,investing,META,2024-09-27 21:57:00,91,17,user_1584
QCOM technical analysis - bullish breakout incoming,wallstreetbets,QCOM,2024-12-28 00:28:00,158,134,user_7257
TSLA options play for next week,SecurityAnalysis,TSLA,2024-10-27 20:37:00,548,50,user_5486
INTC earnings play - what's your strategy?,stocks,INTC,2024-08-13 10:38:00,608,25,user_4047
Why I'm loading up on NVDA shares,investing,NVDA,2024-12-17 07:11:00,307,77,user_3718
"Bag holding AMZN, should I cut losses?",stocks,AMZN,2024-02-16 21:47:00,95,77,user_2095
AAPL options play for next week,wallstreetbets,AAPL,2024-12-06 22:37:00,887,85,user_8586
DD: NVDA is undervalued at current price,stocks,NVDA,2024-08-29 23:52:00,249,52,user_1190
Why I'm loading up on AAPL shares,wallstreetbets,AAPL,2024-01-09 00:04:00,740,23,user_2210
DD: AMZN is undervalued at current price,wallstreetbets,AMZN,2024-06-17 18:20:00,45,35,user_5500
"Bag holding NVDA, should I cut losses?",wallstreetbets,NVDA,2024-05-25 01:01:00,837,58,user_4811
"Bag holding AAPL, should I cut losses?",investing,AAPL,2024-07-28 08:19:00,777,15,user_8452
TSLA options play for next week,SecurityAnalysis,TSLA,2024-10-25 15:16:00,421,70,user_4574
AMZN technical analysis - bullish breakout incoming,stocks,AMZN,2024-09-21 18:31:00,876,70,user_7832
"Bag holding AMD, should I cut losses?",SecurityAnalysis,AMD,2024-08-08 21:45:00,47,49,user_5049
META earnings play - what's your strategy?,wallstreetbets,META,2024-03-03 00:49:00,427,96,user_7473
NVDA technical analysis - bullish breakout incoming,stocks,NVDA,2024-01-26 10:57:00,124,16,user_8452
AAPL technical analysis - bullish breakout incoming,investing,AAPL,2024-03-10 06:41:00,382,143,user_1062
QCOM bear case - change my mind,wallstreetbets,QCOM,2024-07-23 05:09:00,719,81,user_9256
MSFT bear case - change my mind,SecurityAnalysis,MSFT,2024-05-17 23:09:00,923,24,user_6108
"Bag holding AAPL, should I cut losses?",stocks,AAPL,2024-09-14 21:20:00,939,110,user_1189
DD: AAPL is undervalued at current price,SecurityAnalysis,AAPL,2024-12-20 00:53:00,925,193,user_1002
"Bag holding INTC, should I cut losses?",stocks,INTC,2024-03-29 01:09:00,195,97,user_7477
DD: META is undervalued at current price,SecurityAnalysis,META,2024-01-07 23:51:00,616,46,user_4653
NVDA bear case - change my mind,wallstreetbets,NVDA,2024-07-23 13:44:00,314,4,user_5425
AMZN technical analysis - bullish breakout incoming,stocks,AMZN,2024-07-31 04:58:00,254,158,user_8199
Why I'm loading up on TSLA shares,investing,TSLA,2024-03-28 02:43:00,439,60,user_8337
GOOGL bear case - change my mind,stocks,GOOGL,2024-12-13 03:46:00,713,66,user_9622
TSLA technical analysis - bullish breakout incoming,wallstreetbets,TSLA,2024-07-11 12:21:00,406,44,user_1607
Why AMZN is my top pick for 2024,SecurityAnalysis,AMZN,2024-01-19 07:39:00,796,92,user_9639
Why I'm loading up on QCOM shares,stocks,QCOM,2024-01-01 08:15:00,454,110,user_6867
AMD technical analysis - bullish breakout incoming,SecurityAnalysis,AMD,2024-09-07 01:54:00,390,54,user_6556
GOOGL options play for next week,investing,GOOGL,2024-08-26 04:21:00,575,40,user_2238
Why MSFT is my top pick for 2024,stocks,MSFT,2024-12-22 10:24:00,444,154,user_4975
"Bag holding QCOM, should I cut losses?",SecurityAnalysis,QCOM,2024-09-06 19:04:00,997,60,user_6953
INTC options play for next week,SecurityAnalysis,INTC,2024-07-19 01:40:00,867,69,user_3487
"Bag holding AMD, should I cut losses?",stocks,AMD,2024-09-10 11:48:00,788,35,user_7461
"Bag holding QCOM, should I cut losses?",wallstreetbets,QCOM,2024-07-28 21:06:00,484,146,user_3792
DD: TSLA is undervalued at current price,SecurityAnalysis,TSLA,2024-05-25 09:43:00,57,171,user_6009
Why I'm loading up on GOOGL shares,investing,GOOGL,2024-07-08 11:20:00,7,108,user_8254
AAPL options play for next week,SecurityAnalysis,AAPL,2024-05-05 22:17:00,281,192,user_8928
QCOM earnings play - what's your strategy?,SecurityAnalysis,QCOM,2024-03-12 14:00:00,650,41,user_9422
GOOGL bear case - change my mind,wallstreetbets,GOOGL,2024-12-02 09:29:00,416,11,user_4536
MSFT earnings play - what's your strategy?,SecurityAnalysis,MSFT,2024-11-05 20:39:00,79,130,user_2489
QCOM options play for next week,investing,QCOM,2024-08-21 02:45:00,651,58,user_2870
Why NVDA is my top pick for 2024,SecurityAnalysis,NVDA,2024-02-13 10:15:00,614,100,user_1096
DD: GOOGL is undervalued at current price,wallstreetbets,GOOGL,2024-06-12 04:25:00,464,162,user_2239
"Bag holding AMZN, should I cut losses?",wallstreetbets,AMZN,2024-07-07 23:33:00,478,156,user_8340
"Bag holding QCOM, should I cut losses?",wallstreetbets,QCOM,2024-05-24 20:42:00,595,108,user_6876
"Bag holding TSLA, should I cut losses?",wallstreetbets,TSLA,2024-04-24 07:53:00,31,200,user_8313
TSLA earnings play - what's your strategy?,wallstreetbets,TSLA,2024-09-28 00:13:00,318,2,user_6780
Why I'm loading up on AAPL shares,wallstreetbets,AAPL,2024-01-24 23:42:00,707,148,user_5502
AAPL bear case - change my mind,SecurityAnalysis,AAPL,2024-04-05 01:08:00,458,28,user_4319
Why I'm loading up on TSLA shares,SecurityAnalysis,TSLA,2024-08-02 11:03:00,562,122,user_9837
Why I'm loading up on META shares,SecurityAnalysis,META,2024-03-29 12:26:00,424,69,user_9944
DD: TSLA is undervalued at current price,investing,TSLA,2024-08-15 02:25:00,851,137,user_8193
DD: GOOGL is undervalued at current price,wallstreetbets,GOOGL,2024-01-23 23:14:00,707,81,user_7142
"Bag holding TSLA, should I cut losses?",investing,TSLA,2024-11-23 04:37:00,333,115,user_8584
Why META is my top pick for 2024,SecurityAnalysis,META,2024-09-16 20:18:00,76,170,user_1778
QCOM earnings play - what's your strategy?,investing,QCOM,2024-04-08 12:33:00,619,161,user_1292
AMZN options play for next week,wallstreetbets,AMZN,2024-06-20 08:09:00,336,20,user_9318
QCOM earnings play - what's your strategy?,SecurityAnalysis,QCOM,2024-10-16 03:21:00,642,89,user_8250
DD: MSFT is undervalued at current price,investing,MSFT,2024-04-17 11:24:00,372,117,user_8732
"Bag holding INTC, should I cut losses?",investing,INTC,2024-09-15 04:38:00,207,85,user_5788
Why GOOGL is my top pick for 2024,wallstreetbets,GOOGL,2024-01-27 13:31:00,273,64,user_9400
INTC earnings play - what's your strategy?,investing,INTC,2024-07-14 10:18:00,98,28,user_6392
AAPL technical analysis - bullish breakout incoming,investing,AAPL,2024-05-20 13:04:00,688,61,user_5758
AMZN options play for next week,SecurityAnalysis,AMZN,2024-10-15 11:47:00,618,170,user_5110
TSLA options play for next week,SecurityAnalysis,TSLA,2024-07-16 00:39:00,450,83,user_9902
Why QCOM is my top pick for 2024,SecurityAnalysis,QCOM,2024-09-05 09:30:00,646,169,user_5870
META earnings play - what's your strategy?,SecurityAnalysis,META,2024-05-17 17:29:00,111,94,user_7127
AAPL bear case - change my mind,stocks,AAPL,2024-06-23 06:22:00,59,150,user_5662
TSLA technical analysis - bullish breakout incoming,investing,TSLA,2024-10-12 04:31:00,973,8,user_5394
AMZN earnings play - what's your strategy?,stocks,AMZN,2024-02-21 15:36:00,401,36,user_3953
Why I'm loading up on AMZN shares,stocks,AMZN,2024-03-22 08:58:00,553,122,user_8987
INTC options play for next week,stocks,INTC,2024-04-30 18:36:00,566,122,user_2653
DD: QCOM is undervalued at current price,SecurityAnalysis,QCOM,2024-09-24 16:33:00,800,0,user_9072
"Bag holding MSFT, should I cut losses?",SecurityAnalysis,MSFT,2024-03-24 11:28:00,108,199,user_6733
TSLA technical analysis - bullish breakout incoming,investing,TSLA,2024-06-23 21:36:00,979,157,user_9390
"Bag holding AMZN, should I cut losses?",wallstreetbets,AMZN,2024-07-05 04:50:00,319,11,user_5438
Why I'm loading up on AAPL shares,stocks,AAPL,2024-09-03 13:00:00,248,94,user_1333
Why I'm loading up on AMZN shares,wallstreetbets,AMZN,2024-05-01 11:42:00,411,84,user_7362
Why I'm loading up on GOOGL shares,stocks,GOOGL,2024-05-17 00:28:00,458,156,user_6753
GOOGL technical analysis - bullish breakout incoming,stocks,GOOGL,2024-03-13 11:45:00,118,133,user_4985
NVDA technical analysis - bullish breakout incoming,stocks,NVDA,2024-07-26 17:14:00,837,117,user_9378
TSLA earnings play - what's your strategy?,wallstreetbets,TSLA,2024-05-24 13:33:00,843,71,user_2218
AAPL options play for next week,SecurityAnalysis,AAPL,2024-08-15 13:53:00,752,16,user_6523
NVDA bear case - change my mind,stocks,NVDA,2024-02-18 14:30:00,659,55,user_2598
"Bag holding NVDA, should I cut losses?",investing,NVDA,2024-01-21 23:31:00,750,171,user_4170
QCOM earnings play - what's your strategy?,stocks,QCOM,2024-11-27 13:07:00,98,42,user_7475
GOOGL options play for next week,investing,GOOGL,2024-07-31 17:08:00,906,0,user_1087
Why QCOM is my top pick for 2024,investing,QCOM,2024-03-21 10:38:00,428,74,user_9381
AAPL options play for next week,SecurityAnalysis,AAPL,2024-02-12 03:39:00,159,186,user_4013
"Bag holding INTC, should I cut losses?",stocks,INTC,2024-08-28 14:24:00,401,164,user_6255
TSLA options play for next week,investing,TSLA,2024-09-28 00:29:00,784,139,user_2323
TSLA bear case - change my mind,SecurityAnalysis,TSLA,2024-08-17 23:46:00,411,53,user_3691
DD: MSFT is undervalued at current price,investing,MSFT,2024-05-28 14:08:00,388,97,user_3151
GOOGL technical analysis - bullish breakout incoming,wallstreetbets,GOOGL,2024-02-06 21:26:00,304,192,user_5318
META technical analysis - bullish breakout incoming,stocks,META,2024-01-28 23:01:00,569,121,user_2410
TSLA earnings play - what's your strategy?,wallstreetbets,TSLA,2024-06-12 03:13:00,582,89,user_7934
META bear case - change my mind,stocks,META,2024-10-05 00:22:00,733,11,user_3825
"Bag holding QCOM, should I cut losses?",investing,QCOM,2024-10-18 07:18:00,123,10,user_3341
"Bag holding MSFT, should I cut losses?",wallstreetbets,MSFT,2024-02-23 22:23:00,879,138,user_4022
AMD bear case - change my mind,stocks,AMD,2024-10-10 01:15:00,73,66,user_3884
DD: META is undervalued at current price,wallstreetbets,META,2024-11-04 21:25:00,373,186,user_6826
"Bag holding INTC, should I cut losses?",wallstreetbets,INTC,2024-01-21 15:43:00,321,140,user_8821
NVDA options play for next week,investing,NVDA,2024-02-05 17:57:00,626,200,user_9401
"Bag holding AMD, should I cut losses?",SecurityAnalysis,AMD,2024-06-08 03:33:00,182,113,user_7784
INTC earnings play - what's your strategy?,stocks,INTC,2024-02-20 04:19:00,203,147,user_8389
MSFT technical analysis - bullish breakout incoming,investing,MSFT,2024-05-24 16:57:00,181,10,user_9896
AMZN earnings play - what's your strategy?,investing,AMZN,2024-08-29 06:19:00,818,185,user_4057
MSFT technical analysis - bullish breakout incoming,stocks,MSFT,2024-06-20 00:50:00,980,161,user_2601
AAPL bear case - change my mind,SecurityAnalysis,AAPL,2024-07-19 06:22:00,363,91,user_8671
Why I'm loading up on AMZN shares,stocks,AMZN,2024-05-24 10:55:00,752,8,user_4474
QCOM earnings play - what's your strategy?,SecurityAnalysis,QCOM,2024-05-06 04:30:00,253,165,user_6078
GOOGL earnings play - what's your strategy?,stocks,GOOGL,2024-07-07 22:10:00,776,102,user_7584
DD: QCOM is undervalued at current price,SecurityAnalysis,QCOM,2024-06-01 19:10:00,720,82,user_9514
META technical analysis - bullish breakout incoming,stocks,META,2024-09-26 01:57:00,865,148,user_6737
DD: INTC is undervalued at current price,investing,INTC,2024-11-01 23:34:00,50,103,user_2965
TSLA earnings play - what's your strategy?,investing,TSLA,2024-07-04 04:21:00,628,91,user_7156
AMD bear case - change my mind,SecurityAnalysis,AMD,2024-09-09 10:19:00,970,124,user_2522
Why I'm loading up on AMD shares,wallstreetbets,AMD,2024-08-02 08:48:00,124,41,user_4173
"Bag holding NVDA, should I cut losses?",stocks,NVDA,2024-04-22 15:07:00,388,44,user_3413
QCOM options play for next week,stocks,QCOM,2024-09-17 20:40:00,158,30,user_2877
AMZN earnings play - what's your strategy?,stocks,AMZN,2024-11-22 10:04:00,749,76,user_9632
AMD options play for next week,stocks,AMD,2024-11-24 05:52:00,483,84,user_7570
DD: NVDA is undervalued at current price,investing,NVDA,2024-08-16 04:34:00,358,79,user_7170
Why TSLA is my top pick for 2024,stocks,TSLA,2024-06-26 20:49:00,686,181,user_6249
Why I'm loading up on QCOM shares,SecurityAnalysis,QCOM,2024-05-06 09:27:00,166,123,user_1789
"Bag holding META, should I cut losses?",wallstreetbets,META,2024-03-30 13:22:00,13,170,user_9384
"Bag holding MSFT, should I cut losses?",wallstreetbets,MSFT,2024-10-27 10:25:00,399,121,user_3700
MSFT technical analysis - bullish breakout incoming,wallstreetbets,MSFT,2024-10-29 16:18:00,129,188,user_5993
Why I'm loading up on MSFT shares,wallstreetbets,MSFT,2024-09-22 03:09:00,807,171,user_4320
AMD earnings play - what's your strategy?,investing,AMD,2024-03-10 08:27:00,646,158,user_2097
Why INTC is my top pick for 2024,SecurityAnalysis,INTC,2024-09-18 15:36:00,586,157,user_6934
NVDA options play for next week,stocks,NVDA,2024-01-23 14:45:00,777,158,user_9961
NVDA technical analysis - bullish breakout incoming,wallstreetbets,NVDA,2024-06-03 17:49:00,338,73,user_9429
Why QCOM is my top pick for 2024,investing,QCOM,2024-11-25 08:28:00,472,148,user_9771
"Bag holding AMZN, should I cut losses?",stocks,AMZN,2024-06-25 14:05:00,726,76,user_5353
TSLA earnings play - what's your strategy?,investing,TSLA,2024-07-15 14:53:00,155,33,user_6850
AMD earnings play - what's your strategy?,SecurityAnalysis,AMD,2024-04-10 05:33:00,213,95,user_4011
DD: AMZN is undervalued at current price,SecurityAnalysis,AMZN,2024-05-19 07:31:00,793,8,user_4673
QCOM bear case - change my mind,stocks,QCOM,2024-11-05 05:54:00,507,173,user_7870
DD: NVDA is undervalued at current price,wallstreetbets,NVDA,2024-05-20 16:58:00,450,151,user_6525
INTC technical analysis - bullish breakout incoming,wallstreetbets,INTC,2024-05-23 11:58:00,810,148,user_6161
META technical analysis - bullish breakout incoming,stocks,META,2024-02-23 21:25:00,544,24,user_5394
GOOGL options play for next week,wallstreetbets,GOOGL,2024-04-28 03:28:00,345,52,user_3084
QCOM options play for next week,SecurityAnalysis,QCOM,2024-11-15 02:54:00,883,33,user_1360
MSFT bear case - change my mind,SecurityAnalysis,MSFT,2024-08-22 13:06:00,709,107,user_6904
GOOGL earnings play - what's your strategy?,investing,GOOGL,2024-03-09 23:29:00,617,142,user_3864
"Bag holding GOOGL, should I cut losses?",wallstreetbets,GOOGL,2024-11-02 06:33:00,800,182,user_1128
NVDA technical analysis - bullish breakout incoming,investing,NVDA,2024-03-16 12:04:00,107,133,user_5203
DD: AMZN is undervalued at current price,investing,AMZN,2024-10-26 01:18:00,132,48,user_8354
Why META is my top pick for 2024,wallstreetbets,META,2024-04-11 17:06:00,337,155,user_1459
Why I'm loading up on AAPL shares,wallstreetbets,AAPL,2024-08-19 19:25:00,177,106,user_1896
AMD bear case - change my mind,investing,AMD,2024-05-18 21:41:00,21,52,user_8708
AMD earnings play - what's your strategy?,stocks,AMD,2024-12-23 13:28:00,835,81,user_9971
DD: MSFT is undervalued at current price,stocks,MSFT,2024-05-01 10:26:00,930,1,user_8435
"Bag holding GOOGL, should I cut losses?",SecurityAnalysis,GOOGL,2024-05-06 12:25:00,990,181,user_5972
AAPL options play for next week,wallstreetbets,AAPL,2024-11-11 23:02:00,351,151,user_7651
DD: TSLA is undervalued at current price,stocks,TSLA,2024-07-15 01:38:00,447,187,user_2986
AMD options play for next week,wallstreetbets,AMD,2024-03-04 08:34:00,84,60,user_2669
NVDA options play for next week,wallstreetbets,NVDA,2024-12-31 22:25:00,702,166,user_7115
AMZN earnings play - what's your strategy?,stocks,AMZN,2024-07-02 11:49:00,251,188,user_1241
INTC options play for next week,investing,INTC,2024-01-05 04:50:00,156,146,user_5901
Why GOOGL is my top pick for 2024,wallstreetbets,GOOGL,2024-04-05 00:22:00,199,149,user_4447
Why I'm loading up on NVDA shares,wallstreetbets,NVDA,2024-01-03 19:12:00,390,175,user_2790
GOOGL options play for next week,SecurityAnalysis,GOOGL,2024-07-06 06:38:00,536,3,user_5236
INTC bear case - change my mind,SecurityAnalysis,INTC,2024-06-09 07:46:00,809,55,user_2344
Why META is my top pick for 2024,wallstreetbets,META,2024-11-26 02:16:00,575,60,user_6172
TSLA options play for next week,SecurityAnalysis,TSLA,2024-01-25 15:28:00,961,2,user_5581
META bear case - change my mind,investing,META,2024-03-30 16:45:00,381,31,user_9919
Why I'm loading up on MSFT shares,SecurityAnalysis,MSFT,2024-01-27 11:18:00,370,189,user_7998
MSFT earnings play - what's your strategy?,wallstreetbets,MSFT,2024-08-17 23:06:00,928,110,user_7917
Why I'm loading up on META shares,investing,META,2024-11-05 20:02:00,621,188,user_8687
TSLA bear case - change my mind,wallstreetbets,TSLA,2024-03-14 07:12:00,623,126,user_2733
Why I'm loading up on GOOGL shares,wallstreetbets,GOOGL,2024-05-28 09:25:00,835,106,user_3053
NVDA technical analysis - bullish breakout incoming,investing,NVDA,2024-01-17 05:00:00,87,1,user_1856
QCOM earnings play - what's your strategy?,SecurityAnalysis,QCOM,2024-02-17 06:06:00,949,107,user_3364
Why AMD is my top pick for 2024,investing,AMD,2024-07-12 13:31:00,597,39,user_7328
INTC technical analysis - bullish breakout incoming,investing,INTC,2024-08-07 03:52:00,742,60,user_3517
GOOGL bear case - change my mind,stocks,GOOGL,2024-08-14 03:38:00,636,133,user_5555
"Bag holding GOOGL, should I cut losses?",stocks,GOOGL,2024-03-18 15:13:00,855,22,user_3919
DD: INTC is undervalued at current price,stocks,INTC,2024-03-04 00:31:00,248,200,user_4070
DD: NVDA is undervalued at current price,wallstreetbets,NVDA,2024-03-06 10:29:00,163,168,user_8428
Why I'm loading up on META shares,wallstreetbets,META,2024-08-01 00:59:00,757,98,user_2732
AMD options play for next week,stocks,AMD,2024-04-02 07:48:00,895,149,user_1217
QCOM technical analysis - bullish breakout incoming,investing,QCOM,2024-06-16 03:27:00,951,58,user_8321
AMD technical analysis - bullish breakout incoming,wallstreetbets,AMD,2024-09-13 15:48:00,121,133,user_3415
NVDA bear case - change my mind,SecurityAnalysis,NVDA,2024-05-03 22:19:00,555,176,user_8731
Why I'm loading up on TSLA shares,wallstreetbets,TSLA,2024-06-17 15:26:00,457,51,user_6654
TSLA options play for next week,wallstreetbets,TSLA,2024-08-24 11:40:00,611,97,user_7400
META bear case - change my mind,investing,META,2024-09-17 13:17:00,38,61,user_5867
Why QCOM is my top pick for 2024,SecurityAnalysis,QCOM,2024-08-26 05:05:00,893,192,user_3970
META earnings play - what's your strategy?,stocks,META,2024-12-20 19:06:00,199,50,user_9019
MSFT earnings play - what's your strategy?,stocks,MSFT,2024-06-24 00:53:00,293,79,user_9715
AAPL bear case - change my mind,investing,AAPL,2024-12-10 12:03:00,44,163,user_6899
AAPL options play for next week,SecurityAnalysis,AAPL,2024-09-08 22:23:00,847,16,user_1548
META technical analysis - bullish breakout incoming,SecurityAnalysis,META,2024-06-22 04:46:00,722,55,user_2490
Why AAPL is my top pick for 2024,wallstreetbets,AAPL,2024-12-29 06:56:00,544,47,user_6868
TSLA options play for next week,SecurityAnalysis,TSLA,2024-02-24 19:47:00,327,111,user_9372
TSLA earnings play - what's your strategy?,wallstreetbets,TSLA,2024-06-03 01:45:00,567,118,user_7788
TSLA technical analysis - bullish breakout incoming,stocks,TSLA,2024-02-23 16:58:00,236,12,user_2311
DD: AAPL is undervalued at current price,stocks,AAPL,2024-05-12 03:35:00,296,182,user_5949
AMD options play for next week,SecurityAnalysis,AMD,2024-01-07 10:39:00,328,193,user_8057
Why I'm loading up on AMZN shares,investing,AMZN,2024-11-09 08:18:00,95,30,user_1993
Why TSLA is my top pick for 2024,investing,TSLA,2024-03-02 18:43:00,728,200,user_4310
MSFT earnings play - what's your strategy?,wallstreetbets,MSFT,2024-08-05 20:20:00,637,44,user_8529
Why I'm loading up on MSFT shares,investing,MSFT,2024-11-06 03:20:00,956,30,user_6308
AAPL technical analysis - bullish breakout incoming,investing,AAPL,2024-02-13 15:02:00,684,120,user_1371
DD: META is undervalued at current price,SecurityAnalysis,META,2024-04-14 18:18:00,132,153,user_4580
TSLA options play for next week,wallstreetbets,TSLA,2024-04-20 09:49:00,858,102,user_1782
QCOM earnings play - what's your strategy?,SecurityAnalysis,QCOM,2024-11-21 04:42:00,356,93,user_2442
Why I'm loading up on AMZN shares,investing,AMZN,2024-03-18 04:17:00,102,141,user_6696
DD: MSFT is undervalued at current price,investing,MSFT,2024-01-26 09:00:00,138,6,user_9311
AAPL earnings play - what's your strategy?,investing,AAPL,2024-12-05 00:15:00,720,61,user_6408
"Bag holding AMZN, should I cut losses?",investing,AMZN,2024-11-28 02:40:00,572,11,user_1448
QCOM options play for next week,wallstreetbets,QCOM,2024-05-08 23:40:00,501,174,user_1851
Why I'm loading up on INTC shares,wallstreetbets,INTC,2024-02-23 22:50:00,650,135,user_1619
"Bag holding INTC, should I cut losses?",investing,INTC,2024-08-22 01:24:00,945,0,user_4205
AAPL bear case - change my mind,SecurityAnalysis,AAPL,2024-01-20 06:32:00,64,14,user_9430
AAPL technical analysis - bullish breakout incoming,wallstreetbets,AAPL,2024-07-22 07:21:00,26,22,user_6956
DD: AMZN is undervalued at current price,SecurityAnalysis,AMZN,2024-11-17 01:42:00,239,156,user_9832
"Bag holding AAPL, should I cut losses?",SecurityAnalysis,AAPL,2024-10-18 14:15:00,385,105,user_4212
Why MSFT is my top pick for 2024,SecurityAnalysis,MSFT,2024-07-08 22:14:00,980,145,user_1611
META bear case - change my mind,investing,META,2024-05-25 03:00:00,28,126,user_7085
INTC earnings play - what's your strategy?,stocks,INTC,2024-01-07 21:02:00,254,19,user_3734
TSLA earnings play - what's your strategy?,stocks,TSLA,2024-06-18 21:51:00,593,160,user_4431
Why INTC is my top pick for 2024,wallstreetbets,INTC,2024-02-16 10:25:00,37,117,user_1007
Why AMZN is my top pick for 2024,stocks,AMZN,2024-09-10 23:39:00,200,86,user_5232
Why I'm loading up on INTC shares,investing,INTC,2024-09-02 04:37:00,357,24,user_6543
MSFT earnings play - what's your strategy?,stocks,MSFT,2024-02-04 01:19:00,305,123,user_8525
Why AAPL is my top pick for 2024,investing,AAPL,2024-08-21 22:20:00,219,71,user_4559
GOOGL options play for next week,wallstreetbets,GOOGL,2024-10-18 20:23:00,152,32,user_2118
INTC earnings play - what's your strategy?,SecurityAnalysis,INTC,2024-10-09 09:45:00,730,26,user_4298
MSFT options play for next week,investing,MSFT,2024-05-23 12:15:00,579,5,user_4191
"Bag holding AMZN, should I cut losses?",SecurityAnalysis,AMZN,2024-03-30 04:35:00,421,75,user_3361
AMZN options play for next week,stocks,AMZN,2024-09-24 23:29:00,67,198,user_8113
"Bag holding GOOGL, should I cut losses?",wallstreetbets,GOOGL,2024-10-23 01:08:00,756,172,user_1271
AAPL earnings play - what's your strategy?,investing,AAPL,2024-12-02 19:01:00,510,46,user_5885
Why I'm loading up on AMZN shares,wallstreetbets,AMZN,2024-02-27 04:46:00,770,22,user_1210
NVDA options play for next week,stocks,NVDA,2024-08-07 05:37:00,125,121,user_4014
AMD technical analysis - bullish breakout incoming,wallstreetbets,AMD,2024-03-08 11:23:00,190,64,user_3156
Why I'm loading up on INTC shares,investing,INTC,2024-04-14 18:46:00,697,37,user_8525
"Bag holding QCOM, should I cut losses?",stocks,QCOM,2024-02-22 19:55:00,321,176,user_3868
Why AMD is my top pick for 2024,investing,AMD,2024-12-24 21:23:00,338,164,user_8601
AMD technical analysis - bullish breakout incoming,wallstreetbets,AMD,2024-06-04 04:27:00,650,12,user_8328
GOOGL options play for next week,investing,GOOGL,2024-03-22 10:52:00,654,56,user_7360
INTC technical analysis - bullish breakout incoming,investing,INTC,2024-09-14 15:18:00,850,46,user_5997
DD: INTC is undervalued at current price,stocks,INTC,2024-02-11 11:37:00,876,91,user_2176
"Bag holding AMZN, should I cut losses?",stocks,AMZN,2024-07-08 00:23:00,830,148,user_2858
GOOGL options play for next week,SecurityAnalysis,GOOGL,2024-12-05 00:08:00,308,197,user_5886
NVDA earnings play - what's your strategy?,stocks,NVDA,2024-10-08 23:41:00,946,19,user_8101
NVDA bear case - change my mind,wallstreetbets,NVDA,2024-09-23 00:22:00,791,9,user_7213
"Bag holding INTC, should I cut losses?",stocks,INTC,2024-01-26 13:46:00,348,131,user_4194
AAPL earnings play - what's your strategy?,SecurityAnalysis,AAPL,2024-10-02 07:27:00,627,20,user_4381
Why I'm loading up on AMZN shares,SecurityAnalysis,AMZN,2024-09-12 11:35:00,676,191,user_4614
META earnings play - what's your strategy?,wallstreetbets,META,2024-11-15 11:20:00,697,123,user_2216
AMZN earnings play - what's your strategy?,wallstreetbets,AMZN,2024-12-22 21:26:00,312,15,user_9585
META technical analysis - bullish breakout incoming,stocks,META,2024-02-11 05:08:00,473,92,user_3429
"Bag holding QCOM, should I cut losses?",wallstreetbets,QCOM,2024-02-17 16:15:00,156,36,user_5080
TSLA technical analysis - bullish breakout incoming,stocks,TSLA,2024-06-11 02:12:00,862,199,user_8586
META options play for next week,stocks,META,2024-04-14 10:14:00,556,125,user_5961
TSLA technical analysis - bullish breakout incoming,wallstreetbets,TSLA,2024-02-22 19:37:00,81,13,user_2289
AAPL options play for next week,stocks,AAPL,2024-09-17 14:09:00,756,127,user_8365
"Bag holding TSLA, should I cut losses?",stocks,TSLA,2024-07-04 04:24:00,816,171,user_7830
NVDA bear case - change my mind,investing,NVDA,2024-03-24 18:01:00,808,168,user_5768
DD: QCOM is undervalued at current price,SecurityAnalysis,QCOM,2024-05-09 09:08:00,244,70,user_6831
Why INTC is my top pick for 2024,SecurityAnalysis,INTC,2024-02-16 09:01:00,594,129,user_7504
Why I'm loading up on QCOM shares,wallstreetbets,QCOM,2024-09-07 17:44:00,788,155,user_8075
META earnings play - what's your strategy?,wallstreetbets,META,2024-11-15 15:48:00,385,196,user_7976
Why AMZN is my top pick for 2024,stocks,AMZN,2024-02-24 20:53:00,988,7,user_5831
MSFT technical analysis - bullish breakout incoming,investing,MSFT,2024-05-06 23:33:00,690,71,user_1341
DD: META is undervalued at current price,investing,META,2024-07-08 15:48:00,788,88,user_2749
AMZN technical analysis - bullish breakout incoming,SecurityAnalysis,AMZN,2024-11-25 11:17:00,419,138,user_6384
Why QCOM is my top pick for 2024,SecurityAnalysis,QCOM,2024-01-28 21:53:00,695,73,user_5428
META options play for next week,stocks,META,2024-04-11 20:46:00,856,55,user_2883
TSLA options play for next week,stocks,TSLA,2024-01-26 14:22:00,183,181,user_5913
Why I'm loading up on TSLA shares,wallstreetbets,TSLA,2024-05-11 12:39:00,474,90,user_3439
DD: AAPL is undervalued at current price,SecurityAnalysis,AAPL,2024-07-12 13:55:00,35,15,user_7035
GOOGL bear case - change my mind,investing,GOOGL,2024-08-14 00:41:00,141,157,user_6263
TSLA options play for next week,stocks,TSLA,2024-08-12 19:48:00,130,44,user_8425
Why QCOM is my top pick for 2024,investing,QCOM,2024-09-28 16:56:00,292,11,user_2036
Why AMD is my top pick for 2024,wallstreetbets,AMD,2024-09-17 03:36:00,888,80,user_3043
Why I'm loading up on INTC shares,stocks,INTC,2024-11-24 21:13:00,160,137,user_3534
Why INTC is my top pick for 2024,investing,INTC,2024-07-26 02:24:00,376,81,user_2744
"Bag holding MSFT, should I cut losses?",investing,MSFT,2024-05-03 22:04:00,539,2,user_4681
Why AAPL is my top pick for 2024,stocks,AAPL,2024-12-18 03:28:00,925,24,user_6069
Why TSLA is my top pick for 2024,stocks,TSLA,2024-05-11 11:15:00,633,15,user_6121
AAPL options play for next week,wallstreetbets,AAPL,2024-04-23 18:33:00,143,99,user_3205
INTC bear case - change my mind,wallstreetbets,INTC,2024-12-18 18:34:00,280,15,user_2887
NVDA earnings play - what's your strategy?,wallstreetbets,NVDA,2024-07-05 14:54:00,216,21,user_6107
AAPL technical analysis - bullish breakout incoming,stocks,AAPL,2024-10-13 19:15:00,826,199,user_2034
AAPL options play for next week,wallstreetbets,AAPL,2024-08-15 14:25:00,839,3,user_5008
Why INTC is my top pick for 2024,stocks,INTC,2024-02-15 09:32:00,279,109,user_1113
GOOGL bear case - change my mind,SecurityAnalysis,GOOGL,2024-03-08 03:23:00,163,18,user_6893
QCOM bear case - change my mind,wallstreetbets,QCOM,2024-12-08 23:49:00,936,7,user_3126
GOOGL earnings play - what's your strategy?,SecurityAnalysis,GOOGL,2024-07-21 07:59:00,565,13,user_5814
DD: AAPL is undervalued at current price,wallstreetbets,AAPL,2024-07-02 15:01:00,824,21,user_7771
Why I'm loading up on META shares,SecurityAnalysis,META,2024-10-19 00:19:00,371,48,user_1763
NVDA bear case - change my mind,investing,NVDA,2024-09-15 20:22:00,171,148,user_9251
NVDA options play for next week,SecurityAnalysis,NVDA,2024-09-11 04:12:00,295,5,user_6877
QCOM options play for next week,stocks,QCOM,2024-07-03 22:27:00,930,137,user_9038
QCOM technical analysis - bullish breakout incoming,stocks,QCOM,2024-09-03 22:22:00,597,101,user_9534
NVDA earnings play - what's your strategy?,stocks,NVDA,2024-12-06 09:29:00,602,25,user_8296
AAPL bear case - change my mind,wallstreetbets,AAPL,2024-03-28 20:43:00,459,141,user_7216
"Bag holding META, should I cut losses?",investing,META,2024-07-04 06:26:00,960,12,user_6049
Why MSFT is my top pick for 2024,investing,MSFT,2024-02-09 01:36:00,219,178,user_7927
TSLA technical analysis - bullish breakout incoming,investing,TSLA,2024-04-24 03:29:00,605,26,user_8813
DD: QCOM is undervalued at current price,investing,QCOM,2024-11-26 11:47:00,695,91,user_4076
Why I'm loading up on NVDA shares,SecurityAnalysis,NVDA,2024-04-14 17:02:00,759,171,user_5079
"Bag holding MSFT, should I cut losses?",investing,MSFT,2024-09-22 02:36:00,261,74,user_3060
Why I'm loading up on META shares,SecurityAnalysis,META,2024-05-16 02:43:00,931,160,user_9398
AMZN technical analysis - bullish breakout incoming,wallstreetbets,AMZN,2024-02-12 16:36:00,194,1,user_6151
GOOGL options play for next week,wallstreetbets,GOOGL,2024-11-20 16:59:00,758,37,user_5121
QCOM bear case - change my mind,investing,QCOM,2024-10-22 09:55:00,503,197,user_3762
GOOGL earnings play - what's your strategy?,wallstreetbets,GOOGL,2024-07-01 15:51:00,227,85,user_1946
Why NVDA is my top pick for 2024,investing,NVDA,2024-06-30 11:20:00,960,165,user_7856
INTC technical analysis - bullish breakout incoming,investing,INTC,2024-02-13 04:12:00,827,22,user_2922
NVDA options play for next week,stocks,NVDA,2024-04-17 19:07:00,331,142,user_6756
GOOGL bear case - change my mind,investing,GOOGL,2024-04-29 18:02:00,239,112,user_8565
"Bag holding MSFT, should I cut losses?",investing,MSFT,2024-08-07 13:23:00,555,109,user_4546
Why AMD is my top pick for 2024,stocks,AMD,2024-03-10 16:13:00,694,57,user_7856
Why I'm loading up on NVDA shares,investing,NVDA,2024-05-23 23:03:00,56,62,user_3467
INTC options play for next week,wallstreetbets,INTC,2024-09-28 08:34:00,888,158,user_4538
"Bag holding TSLA, should I cut losses?",SecurityAnalysis,TSLA,2024-06-12 03:33:00,302,141,user_7922
Why AAPL is my top pick for 2024,investing,AAPL,2024-06-07 10:57:00,751,116,user_6316
Why I'm loading up on GOOGL shares,SecurityAnalysis,GOOGL,2024-05-23 11:06:00,720,133,user_9522
INTC bear case - change my mind,stocks,INTC,2024-02-21 01:40:00,987,194,user_3024
GOOGL bear case - change my mind,wallstreetbets,GOOGL,2024-09-03 02:04:00,472,29,user_3567
NVDA bear case - change my mind,wallstreetbets,NVDA,2024-07-14 12:07:00,412,17,user_7350
Why META is my top pick for 2024,wallstreetbets,META,2024-10-24 13:17:00,814,188,user_8128
MSFT options play for next week,wallstreetbets,MSFT,2024-01-29 21:15:00,11,17,user_8253
MSFT bear case - change my mind,investing,MSFT,2024-04-05 00:12:00,57,69,user_4402
MSFT technical analysis - bullish breakout incoming,stocks,MSFT,2024-04-15 03:59:00,944,120,user_3310
DD: INTC is undervalued at current price,stocks,INTC,2024-03-20 05:19:00,409,2,user_3984
Why I'm loading up on AMD shares,SecurityAnalysis,AMD,2024-03-14 21:17:00,764,147,user_8292
MSFT bear case - change my mind,investing,MSFT,2024-10-28 12:29:00,481,150,user_8207
AMZN earnings play - what's your strategy?,SecurityAnalysis,AMZN,2024-07-02 15:51:00,37,11,user_1699
AMZN technical analysis - bullish breakout incoming,SecurityAnalysis,AMZN,2024-01-08 01:32:00,193,35,user_9813
Why META is my top pick for 2024,investing,META,2024-12-10 03:07:00,239,144,user_5673
Why AMZN is my top pick for 2024,wallstreetbets,AMZN,2024-05-10 20:18:00,340,167,user_9084
"Bag holding INTC, should I cut losses?",stocks,INTC,2024-10-13 21:56:00,281,41,user_5322
META bear case - change my mind,stocks,META,2024-11-11 14:22:00,88,180,user_6298
Why AMD is my top pick for 2024,SecurityAnalysis,AMD,2024-03-03 11:43:00,717,44,user_7180
DD: QCOM is undervalued at current price,stocks,QCOM,2024-02-26 03:53:00,952,85,user_8976
Why I'm loading up on MSFT shares,investing,MSFT,2024-09-22 12:53:00,99,158,user_4015
"Bag holding META, should I cut losses?",stocks,META,2024-07-24 12:14:00,547,148,user_2578
DD: META is undervalued at current price,wallstreetbets,META,2024-03-21 11:54:00,740,107,user_2527
"Bag holding GOOGL, should I cut losses?",wallstreetbets,GOOGL,2024-08-26 12:29:00,813,169,user_7057
DD: META is undervalued at current price,investing,META,2024-07-02 15:52:00,722,1,user_7443
AMD bear case - change my mind,investing,AMD,2024-07-25 07:07:00,444,120,user_6731
Why I'm loading up on AAPL shares,SecurityAnalysis,AAPL,2024-01-23 14:20:00,168,197,user_9804
Why I'm loading up on NVDA shares,wallstreetbets,NVDA,2024-12-02 02:55:00,835,136,user_9917
GOOGL technical analysis - bullish breakout incoming,wallstreetbets,GOOGL,2024-03-16 01:48:00,715,73,user_1535
Why GOOGL is my top pick for 2024,SecurityAnalysis,GOOGL,2024-06-03 11:15:00,764,115,user_2197
DD: NVDA is undervalued at current price,stocks,NVDA,2024-01-14 03:42:00,543,37,user_8646
DD: NVDA is undervalued at current price,stocks,NVDA,2024-04-06 15:45:00,889,113,user_6572
MSFT technical analysis - bullish breakout incoming,investing,MSFT,2024-04-03 21:20:00,685,31,user_5988
INTC earnings play - what's your strategy?,SecurityAnalysis,INTC,2024-12-06 23:17:00,915,70,user_2475
DD: QCOM is undervalued at current price,stocks,QCOM,2024-11-17 11:48:00,478,198,user_3211
Why NVDA is my top pick for 2024,investing,NVDA,2024-09-22 06:00:00,767,11,user_9723
AAPL earnings play - what's your strategy?,wallstreetbets,AAPL,2024-05-11 13:09:00,863,86,user_9050
"Bag holding AAPL, should I cut losses?",stocks,AAPL,2024-03-24 02:26:00,772,65,user_3126
AAPL bear case - change my mind,SecurityAnalysis,AAPL,2024-11-07 02:20:00,132,198,user_1275
DD: AAPL is undervalued at current price,wallstreetbets,AAPL,2024-10-26 01:45:00,237,93,user_7844
DD: TSLA is undervalued at current price,investing,TSLA,2024-02-20 13:53:00,691,27,user_4816
TSLA technical analysis - bullish breakout incoming,stocks,TSLA,2024-04-26 00:27:00,406,193,user_3037
AAPL earnings play - what's your strategy?,wallstreetbets,AAPL,2024-10-10 19:49:00,454,185,user_2784
TSLA bear case - change my mind,investing,TSLA,2024-03-15 21:16:00,310,77,user_8731
INTC technical analysis - bullish breakout incoming,investing,INTC,2024-10-03 22:54:00,236,45,user_3048
DD: META is undervalued at current price,wallstreetbets,META,2024-12-22 20:18:00,157,52,user_2729
META bear case - change my mind,investing,META,2024-06-26 18:25:00,666,33,user_9036
DD: TSLA is undervalued at current price,stocks,TSLA,2024-06-18 21:57:00,212,57,user_1783
MSFT bear case - change my mind,wallstreetbets,MSFT,2024-11-23 17:38:00,137,110,user_7744
AAPL earnings play - what's your strategy?,SecurityAnalysis,AAPL,2024-01-03 11:50:00,619,90,user_6704
QCOM options play for next week,SecurityAnalysis,QCOM,2024-04-15 05:21:00,644,65,user_7624
Why I'm loading up on META shares,stocks,META,2024-04-12 11:54:00,400,124,user_2654
Why I'm loading up on AAPL shares,investing,AAPL,2024-12-15 21:17:00,630,84,user_1351
Why I'm loading up on AAPL shares,stocks,AAPL,2024-02-26 21:42:00,137,140,user_8063
Why I'm loading up on TSLA shares,stocks,TSLA,2024-09-02 08:03:00,551,109,user_3844
Why I'm loading up on INTC shares,stocks,INTC,2024-09-14 15:13:00,536,127,user_5812
Why META is my top pick for 2024,investing,META,2024-04-29 07:13:00,491,158,user_7220
MSFT technical analysis - bullish breakout incoming,investing,MSFT,2024-07-17 14:25:00,112,45,user_6439
NVDA technical analysis - bullish breakout incoming,SecurityAnalysis,NVDA,2024-11-17 23:57:00,958,139,user_6129
Why I'm loading up on GOOGL shares,wallstreetbets,GOOGL,2024-06-15 11:02:00,18,131,user_1315
DD: INTC is undervalued at current price,wallstreetbets,INTC,2024-09-29 15:05:00,695,198,user_2479
QCOM earnings play - what's your strategy?,wallstreetbets,QCOM,2024-08-01 00:30:00,570,7,user_8617
QCOM options play for next week,wallstreetbets,QCOM,2024-12-17 22:45:00,808,74,user_7526
QCOM technical analysis - bullish breakout incoming,SecurityAnalysis,QCOM,2024-05-29 23:27:00,519,96,user_9696
AAPL bear case - change my mind,wallstreetbets,AAPL,2024-11-11 06:28:00,354,26,user_8542
AAPL options play for next week,stocks,AAPL,2024-02-13 20:29:00,829,179,user_5604
DD: TSLA is undervalued at current price,wallstreetbets,TSLA,2024-05-06 19:50:00,826,134,user_7269
QCOM earnings play - what's your strategy?,stocks,QCOM,2024-11-05 15:50:00,423,35,user_3735
GOOGL bear case - change my mind,wallstreetbets,GOOGL,2024-05-19 23:26:00,577,77,user_8330
Why INTC is my top pick for 2024,SecurityAnalysis,INTC,2024-02-24 04:09:00,41,63,user_2824
Why I'm loading up on AMZN shares,SecurityAnalysis,AMZN,2024-03-31 18:34:00,319,56,user_1950
DD: AMD is undervalued at current price,investing,AMD,2024-05-12 05:05:00,563,141,user_7983
INTC options play for next week,SecurityAnalysis,INTC,2024-02-15 04:54:00,881,64,user_3950
MSFT technical analysis - bullish breakout incoming,investing,MSFT,2024-09-22 03:54:00,689,125,user_3615
AAPL options play for next week,wallstreetbets,AAPL,2024-10-18 03:22:00,631,84,user_3797
DD: AAPL is undervalued at current price,stocks,AAPL,2024-05-17 15:31:00,539,106,user_4520
GOOGL bear case - change my mind,wallstreetbets,GOOGL,2024-07-07 18:10:00,229,73,user_7723
Why I'm loading up on AAPL shares,stocks,AAPL,2024-10-07 13:10:00,565,192,user_8785
AMZN earnings play - what's your strategy?,wallstreetbets,AMZN,2024-02-07 16:52:00,67,114,user_7379
DD: META is undervalued at current price,SecurityAnalysis,META,2024-02-06 12:08:00,981,151,user_3873
DD: MSFT is undervalued at current price,SecurityAnalysis,MSFT,2024-05-02 13:43:00,105,183,user_9874
"Bag holding AMZN, should I cut losses?",investing,AMZN,2024-02-07 13:12:00,860,74,user_7785
AMZN options play for next week,SecurityAnalysis,AMZN,2024-08-05 11:41:00,984,122,user_8522
Why I'm loading up on AMD shares,stocks,AMD,2024-09-28 02:59:00,750,112,user_3751
Why MSFT is my top pick for 2024,SecurityAnalysis,MSFT,2024-02-22 02:32:00,814,174,user_3629
TSLA bear case - change my mind,SecurityAnalysis,TSLA,2024-05-10 10:31:00,582,166,user_9314
QCOM bear case - change my mind,investing,QCOM,2024-03-03 12:19:00,235,142,user_6573
Why I'm loading up on GOOGL shares,wallstreetbets,GOOGL,2024-10-23 20:54:00,122,162,user_7874
AMZN technical analysis - bullish breakout incoming,wallstreetbets,AMZN,2024-07-29 12:21:00,635,107,user_1691
MSFT earnings play - what's your strategy?,stocks,MSFT,2024-09-26 15:00:00,301,118,user_9394
META earnings play - what's your strategy?,investing,META,2024-08-20 14:14:00,887,25,user_4645
AMZN earnings play - what's your strategy?,investing,AMZN,2024-05-26 14:59:00,501,165,user_6992
DD: META is undervalued at current price,SecurityAnalysis,META,2024-10-21 19:30:00,262,140,user_4059
"Bag holding META, should I cut losses?",stocks,META,2024-07-17 21:24:00,800,161,user_8929
AMZN technical analysis - bullish breakout incoming,SecurityAnalysis,AMZN,2024-05-03 02:46:00,713,99,user_1958
NVDA options play for next week,investing,NVDA,2024-07-30 23:46:00,151,17,user_6085
Why I'm loading up on AMZN shares,stocks,AMZN,2024-09-17 03:43:00,22,122,user_9712
DD: META is undervalued at current price,stocks,META,2024-06-17 22:09:00,144,190,user_2206
MSFT earnings play - what's your strategy?,SecurityAnalysis,MSFT,2024-01-27 13:39:00,916,182,user_4997
META bear case - change my mind,investing,META,2024-12-01 01:16:00,291,4,user_3185
Why I'm loading up on GOOGL shares,SecurityAnalysis,GOOGL,2024-01-18 20:49:00,267,142,user_1092
Why I'm loading up on MSFT shares,wallstreetbets,MSFT,2024-07-20 10:48:00,327,27,user_6560
INTC earnings play - what's your strategy?,SecurityAnalysis,INTC,2024-11-27 22:55:00,81,88,user_3698
QCOM earnings play - what's your strategy?,stocks,QCOM,2024-01-03 17:33:00,839,137,user_4127
NVDA bear case - change my mind,wallstreetbets,NVDA,2024-03-02 17:03:00,504,135,user_2029
Why GOOGL is my top pick for 2024,SecurityAnalysis,GOOGL,2024-05-17 03:28:00,910,111,user_2586
GOOGL earnings play - what's your strategy?,stocks,GOOGL,2024-11-07 06:19:00,623,157,user_4104
MSFT technical analysis - bullish breakout incoming,stocks,MSFT,2024-09-08 15:56:00,189,133,user_9559
META options play for next week,SecurityAnalysis,META,2024-08-04 19:50:00,734,185,user_7407
AMD bear case - change my mind,investing,AMD,2024-07-07 03:36:00,219,171,user_9108
GOOGL technical analysis - bullish breakout incoming,stocks,GOOGL,2024-07-28 11:09:00,491,95,user_7773
DD: NVDA is undervalued at current price,stocks,NVDA,2024-03-15 07:15:00,634,98,user_7298
MSFT technical analysis - bullish breakout incoming,SecurityAnalysis,MSFT,2024-03-23 03:43:00,172,150,user_6228
MSFT bear case - change my mind,SecurityAnalysis,MSFT,2024-02-06 22:06:00,182,120,user_8039
Why GOOGL is my top pick for 2024,stocks,GOOGL,2024-05-20 04:55:00,587,126,user_1580
QCOM technical analysis - bullish breakout incoming,SecurityAnalysis,QCOM,2024-02-15 21:26:00,625,183,user_7261
META bear case - change my mind,investing,META,2024-10-15 10:59:00,901,122,user_1621
MSFT bear case - change my mind,SecurityAnalysis,MSFT,2024-12-15 04:00:00,627,31,user_8999
"Bag holding QCOM, should I cut losses?",investing,QCOM,2024-10-22 14:57:00,877,170,user_6350
"Bag holding MSFT, should I cut losses?",SecurityAnalysis,MSFT,2024-05-13 07:21:00,38,103,user_9241
DD: AMZN is undervalued at current price,investing,AMZN,2024-11-03 06:53:00,953,121,user_8345
META bear case - change my mind,investing,META,2024-07-19 00:26:00,341,85,user_1236
Why I'm loading up on INTC shares,investing,INTC,2024-05-02 22:04:00,453,44,user_5542
QCOM technical analysis - bullish breakout incoming,investing,QCOM,2024-10-02 18:21:00,863,40,user_2870
"Bag holding AAPL, should I cut losses?",stocks,AAPL,2024-02-03 08:31:00,203,94,user_3127
"Bag holding META, should I cut losses?",stocks,META,2024-01-16 15:18:00,970,67,user_3188
AAPL options play for next week,wallstreetbets,AAPL,2024-12-03 11:22:00,88,23,user_8344
GOOGL options play for next week,investing,GOOGL,2024-05-27 09:53:00,236,42,user_6708
AMD earnings play - what's your strategy?,stocks,AMD,2024-08-11 20:25:00,604,23,user_9427
TSLA bear case - change my mind,stocks,TSLA,2024-03-02 03:06:00,990,97,user_6859
GOOGL bear case - change my mind,investing,GOOGL,2024-07-06 06:29:00,452,136,user_6773
NVDA bear case - change my mind,investing,NVDA,2024-06-12 12:09:00,53,23,user_3999
Why I'm loading up on INTC shares,stocks,INTC,2024-04-22 03:53:00,506,104,user_4428
AMZN earnings play - what's your strategy?,wallstreetbets,AMZN,2024-07-13 20:25:00,512,85,user_3079
Why NVDA is my top pick for 2024,stocks,NVDA,2024-11-29 09:05:00,263,167,user_2281
"Bag holding AMD, should I cut losses?",wallstreetbets,AMD,2024-03-31 08:52:00,100,26,user_8992
AMZN bear case - change my mind,SecurityAnalysis,AMZN,2024-03-10 23:11:00,36,13,user_1458
Why AAPL is my top pick for 2024,stocks,AAPL,2024-06-13 07:10:00,984,144,user_5737
INTC technical analysis - bullish breakout incoming,wallstreetbets,INTC,2024-06-20 11:45:00,887,67,user_3083
Why I'm loading up on NVDA shares,investing,NVDA,2024-06-13 17:56:00,554,1,user_4365
Why AAPL is my top pick for 2024,investing,AAPL,2024-07-12 07:49:00,35,75,user_1418
QCOM earnings play - what's your strategy?,wallstreetbets,QCOM,2024-12-31 15:42:00,764,151,user_9327
AAPL options play for next week,stocks,AAPL,2024-04-14 18:39:00,217,138,user_3084
DD: NVDA is undervalued at current price,wallstreetbets,NVDA,2024-08-01 02:17:00,216,145,user_8804
GOOGL earnings play - what's your strategy?,investing,GOOGL,2024-06-30 15:48:00,892,100,user_3833
Why TSLA is my top pick for 2024,investing,TSLA,2024-03-17 18:03:00,418,90,user_6852
AAPL bear case - change my mind,SecurityAnalysis,AAPL,2024-11-08 04:57:00,404,66,user_6623
MSFT technical analysis - bullish breakout incoming,investing,MSFT,2024-11-19 05:57:00,928,94,user_4974
"Bag holding META, should I cut losses?",wallstreetbets,META,2024-08-31 17:26:00,612,169,user_2503
"Bag holding META, should I cut losses?",SecurityAnalysis,META,2024-06-21 06:18:00,231,1,user_4713
QCOM earnings play - what's your strategy?,investing,QCOM,2024-10-09 07:47:00,997,196,user_4628
NVDA technical analysis - bullish breakout incoming,wallstreetbets,NVDA,2024-07-06 20:17:00,74,177,user_6564
DD: GOOGL is undervalued at current price,SecurityAnalysis,GOOGL,2024-06-30 06:35:00,193,8,user_4369
Why NVDA is my top pick for 2024,investing,NVDA,2024-07-22 03:38:00,610,156,user_3063
INTC earnings play - what's your strategy?,wallstreetbets,INTC,2024-02-08 02:39:00,225,30,user_4473
AAPL options play for next week,wallstreetbets,AAPL,2024-07-22 12:15:00,327,178,user_3263
Why QCOM is my top pick for 2024,investing,QCOM,2024-12-02 04:58:00,511,181,user_8875
Why I'm loading up on AMD shares,wallstreetbets,AMD,2024-06-17 01:26:00,852,13,user_1642
NVDA technical analysis - bullish breakout incoming,investing,NVDA,2024-01-05 18:27:00,821,74,user_9222
Why I'm loading up on AMZN shares,SecurityAnalysis,AMZN,2024-01-07 18:48:00,446,69,user_1805
Why I'm loading up on AMD shares,SecurityAnalysis,AMD,2024-07-21 11:37:00,487,150,user_3779
AMZN technical analysis - bullish breakout incoming,stocks,AMZN,2024-02-04 18:19:00,595,200,user_5104
AAPL technical analysis - bullish breakout incoming,wallstreetbets,AAPL,2024-09-10 01:07:00,115,33,user_3935
GOOGL options play for next week,investing,GOOGL,2024-10-21 09:49:00,855,139,user_6304
"Bag holding INTC, should I cut losses?",investing,INTC,2024-04-02 03:41:00,126,30,user_6296
AAPL technical analysis - bullish breakout incoming,SecurityAnalysis,AAPL,2024-08-26 00:03:00,296,97,user_8918
DD: META is undervalued at current price,stocks,META,2024-11-08 13:04:00,463,4,user_2565
NVDA options play for next week,stocks,NVDA,2024-09-04 16:08:00,123,78,user_6308
"Bag holding AMD, should I cut losses?",wallstreetbets,AMD,2024-10-04 04:19:00,926,187,user_3651
Why AMZN is my top pick for 2024,investing,AMZN,2024-05-08 04:52:00,252,172,user_2077
AMD options play for next week,wallstreetbets,AMD,2024-05-25 14:30:00,564,49,user_1307
Why GOOGL is my top pick for 2024,stocks,GOOGL,2024-07-05 18:36:00,338,10,user_9103
NVDA options play for next week,SecurityAnalysis,NVDA,2024-03-17 01:29:00,80,180,user_7332
"Bag holding AAPL, should I cut losses?",stocks,AAPL,2024-07-31 21:37:00,843,162,user_6497
AAPL options play for next week,SecurityAnalysis,AAPL,2024-10-04 14:27:00,876,160,user_3598
DD: AMZN is undervalued at current price,investing,AMZN,2024-06-15 08:53:00,451,192,user_5080
GOOGL earnings play - what's your strategy?,SecurityAnalysis,GOOGL,2024-07-28 05:09:00,326,10,user_4192
"Bag holding AMD, should I cut losses?",SecurityAnalysis,AMD,2024-07-09 06:34:00,909,9,user_3013
GOOGL technical analysis - bullish breakout incoming,stocks,GOOGL,2024-06-07 08:32:00,447,62,user_5299
INTC options play for next week,wallstreetbets,INTC,2024-02-05 13:11:00,592,145,user_4199
MSFT bear case - change my mind,wallstreetbets,MSFT,2024-05-07 16:37:00,182,84,user_3054
GOOGL technical analysis - bullish breakout incoming,stocks,GOOGL,2024-06-14 06:57:00,535,103,user_8940
Why QCOM is my top pick for 2024,wallstreetbets,QCOM,2024-04-25 05:05:00,33,181,user_5513
DD: AAPL is undervalued at current price,stocks,AAPL,2024-02-01 08:19:00,377,115,user_5246
"Bag holding AMD, should I cut losses?",SecurityAnalysis,AMD,2024-03-22 13:23:00,272,29,user_4506
NVDA options play for next week,investing,NVDA,2024-06-14 23:06:00,48,36,user_4110
Why AMZN is my top pick for 2024,SecurityAnalysis,AMZN,2024-12-03 04:00:00,966,35,user_7168
NVDA earnings play - what's your strategy?,wallstreetbets,NVDA,2024-04-07 17:38:00,598,91,user_6775
Why MSFT is my top pick for 2024,stocks,MSFT,2024-08-06 07:53:00,494,164,user_6938
Why I'm loading up on MSFT shares,SecurityAnalysis,MSFT,2024-05-21 10:48:00,409,104,user_8772
MSFT technical analysis - bullish breakout incoming,SecurityAnalysis,MSFT,2024-10-23 11:33:00,540,113,user_2164
"Bag holding NVDA, should I cut losses?",SecurityAnalysis,NVDA,2024-06-20 04:05:00,494,35,user_2392
Why I'm loading up on GOOGL shares,wallstreetbets,GOOGL,2024-11-02 14:37:00,773,187,user_3398
TSLA technical analysis - bullish breakout incoming,investing,TSLA,2024-12-28 14:28:00,471,9,user_5429
QCOM earnings play - what's your strategy?,investing,QCOM,2024-09-08 03:25:00,265,7,user_3390
META earnings play - what's your strategy?,investing,META,2024-08-15 16:19:00,66,46,user_9664
DD: AAPL is undervalued at current price,investing,AAPL,2024-07-21 02:02:00,724,164,user_9946
AMD bear case - change my mind,investing,AMD,2024-03-01 23:57:00,478,8,user_9855
GOOGL earnings play - what's your strategy?,investing,GOOGL,2024-09-02 03:12:00,488,50,user_8696
QCOM earnings play - what's your strategy?,wallstreetbets,QCOM,2024-08-26 14:25:00,512,6,user_1332
AMZN earnings play - what's your strategy?,wallstreetbets,AMZN,2024-10-17 08:43:00,713,94,user_6348
QCOM technical analysis - bullish breakout incoming,stocks,QCOM,2024-11-29 02:13:00,721,173,user_5652
Why I'm loading up on INTC shares,SecurityAnalysis,INTC,2024-11-25 17:16:00,545,30,user_8954
Why I'm loading up on MSFT shares,SecurityAnalysis,MSFT,2024-09-23 00:51:00,276,5,user_3387
Why TSLA is my top pick for 2024,stocks,TSLA,2024-05-07 12:02:00,308,184,user_3482
QCOM technical analysis - bullish breakout incoming,SecurityAnalysis,QCOM,2024-06-08 16:14:00,221,41,user_1691
Why I'm loading up on MSFT shares,stocks,MSFT,2024-07-21 11:33:00,465,144,user_5048
AAPL bear case - change my mind,investing,AAPL,2024-05-17 12:41:00,989,44,user_9134
"Bag holding AAPL, should I cut losses?",stocks,AAPL,2024-12-09 14:26:00,873,4,user_4314
DD: MSFT is undervalued at current price,stocks,MSFT,2024-04-17 13:27:00,63,139,user_2044
AMZN earnings play - what's your strategy?,SecurityAnalysis,AMZN,2024-06-27 01:12:00,927,4,user_4752
"Bag holding AMZN, should I cut losses?",SecurityAnalysis,AMZN,2024-04-21 10:36:00,70,169,user_2548
AAPL bear case - change my mind,stocks,AAPL,2024-08-16 11:21:00,502,112,user_3069
QCOM earnings play - what's your strategy?,investing,QCOM,2024-09-24 06:18:00,388,1,user_5061
DD: INTC is undervalued at current price,investing,INTC,2024-06-18 04:10:00,552,153,user_3085
Why I'm loading up on INTC shares,investing,INTC,2024-01-19 12:44:00,536,47,user_8406
GOOGL bear case - change my mind,investing,GOOGL,2024-05-29 03:30:00,719,179,user_2592
