publishedAt,ticker,text
2022-01-01,AMZN,AMZN announces quarterly dividend
2022-01-01,TSLA,TSLA announces conference call
2022-01-01,GOOGL,GOOGL stock downgraded by analysts
2022-01-08,AAPL,AAPL participates in conference
2022-01-08,GOOGL,GOOGL stock downgraded by analysts
2022-01-08,AMZN,AMZN announces quarterly dividend
2022-01-15,AAPL,AAPL announces quarterly dividend
2022-01-15,GOOGL,GOOGL reports strong quarterly earnings
2022-01-15,MSFT,MSFT stock upgraded by analysts
2022-01-22,MSFT,Positive outlook for MSFT industry sector
2022-01-22,AMZN,AMZN reports disappointing earnings
2022-01-22,MSFT,Industry analysis focuses on MSFT
2022-01-29,GOOGL,GOOGL beats revenue expectations
2022-01-29,AMZN,AMZN CEO steps down amid controversy
2022-01-29,MSFT,MSFT schedules earnings call
2022-02-05,TSLA,TSLA announces conference call
2022-02-05,GOOGL,GOOGL stock upgraded by analysts
2022-02-05,TSLA,TSLA participates in conference
2022-02-12,GOOGL,GOOGL faces supply chain issues
2022-02-12,GOOGL,GOOGL stock downgraded by analysts
2022-02-12,TSLA,Market concerns about TSLA competition
2022-02-19,AAPL,AAPL faces supply chain issues
2022-02-19,TSLA,Market concerns about TSLA competition
2022-02-19,AMZN,AMZN stock upgraded by analysts
2022-02-26,TSLA,TSLA expands into new markets
2022-02-26,AAPL,AAPL stock upgraded by analysts
2022-02-26,GOOGL,Industry analysis focuses on GOOGL
2022-03-05,AMZN,AMZN schedules earnings call
2022-03-05,AMZN,AMZN CEO announces growth strategy
2022-03-05,MSFT,MSFT participates in conference
2022-03-12,TSLA,TSLA announces new product launch
2022-03-12,GOOGL,Positive outlook for GOOGL industry sector
2022-03-12,AAPL,Positive outlook for AAPL industry sector
2022-03-19,AAPL,AAPL schedules earnings call
2022-03-19,AAPL,AAPL board approves stock split
2022-03-19,MSFT,MSFT CEO steps down amid controversy
2022-03-26,AMZN,AMZN announces new product launch
2022-03-26,AAPL,AAPL faces regulatory scrutiny
2022-03-26,MSFT,MSFT stock downgraded by analysts
2022-04-02,MSFT,MSFT CEO steps down amid controversy
2022-04-02,GOOGL,GOOGL announces conference call
2022-04-02,MSFT,MSFT files quarterly report
2022-04-09,GOOGL,GOOGL faces regulatory scrutiny
2022-04-09,TSLA,Industry analysis focuses on TSLA
2022-04-09,AAPL,AAPL guidance falls short of expectations
2022-04-16,AAPL,AAPL announces layoffs
2022-04-16,TSLA,TSLA stock upgraded by analysts
2022-04-16,MSFT,MSFT CEO announces growth strategy
2022-04-23,GOOGL,GOOGL faces regulatory scrutiny
2022-04-23,AAPL,AAPL reports disappointing earnings
2022-04-23,AAPL,AAPL announces conference call
2022-04-30,TSLA,TSLA announces layoffs
2022-04-30,TSLA,TSLA reports disappointing earnings
2022-04-30,MSFT,MSFT reports strong quarterly earnings
2022-05-07,MSFT,MSFT announces new product launch
2022-05-07,MSFT,MSFT files quarterly report
2022-05-07,AMZN,AMZN CEO announces growth strategy
2022-05-14,GOOGL,GOOGL reports disappointing earnings
2022-05-14,AAPL,AAPL announces share buyback program
2022-05-14,MSFT,MSFT stock upgraded by analysts
2022-05-21,TSLA,Positive outlook for TSLA industry sector
2022-05-21,TSLA,TSLA files quarterly report
2022-05-21,GOOGL,GOOGL stock upgraded by analysts
2022-05-28,MSFT,MSFT announces share buyback program
2022-05-28,AMZN,AMZN faces regulatory scrutiny
2022-05-28,GOOGL,GOOGL expands into new markets
2022-06-04,MSFT,MSFT expands into new markets
2022-06-04,AMZN,AMZN board approves stock split
2022-06-04,TSLA,Market concerns about TSLA competition
2022-06-11,MSFT,MSFT announces conference call
2022-06-11,MSFT,MSFT CEO announces growth strategy
2022-06-11,GOOGL,GOOGL files quarterly report
2022-06-18,MSFT,MSFT announces quarterly dividend
2022-06-18,TSLA,TSLA faces regulatory scrutiny
2022-06-18,AMZN,AMZN announces quarterly dividend
2022-06-25,AMZN,AMZN beats revenue expectations
2022-06-25,TSLA,TSLA expands into new markets
2022-06-25,GOOGL,GOOGL files quarterly report
2022-07-02,AMZN,AMZN expands into new markets
2022-07-02,MSFT,MSFT announces new product launch
2022-07-02,TSLA,TSLA updates corporate governance
2022-07-09,GOOGL,GOOGL participates in conference
2022-07-09,TSLA,TSLA announces new product launch
2022-07-09,GOOGL,GOOGL participates in conference
2022-07-16,AAPL,AAPL board approves stock split
2022-07-16,AAPL,AAPL announces share buyback program
2022-07-16,GOOGL,GOOGL faces regulatory scrutiny
2022-07-23,MSFT,MSFT files quarterly report
2022-07-23,TSLA,TSLA beats revenue expectations
2022-07-23,TSLA,TSLA announces share buyback program
2022-07-30,GOOGL,GOOGL stock upgraded by analysts
2022-07-30,MSFT,MSFT CEO announces growth strategy
2022-07-30,MSFT,MSFT faces supply chain issues
2022-08-06,TSLA,TSLA faces supply chain issues
2022-08-06,GOOGL,GOOGL reports disappointing earnings
2022-08-06,AMZN,AMZN reports disappointing earnings
2022-08-13,GOOGL,GOOGL schedules earnings call
2022-08-13,GOOGL,GOOGL guidance falls short of expectations
2022-08-13,GOOGL,GOOGL participates in conference
2022-08-20,TSLA,Industry analysis focuses on TSLA
2022-08-20,TSLA,TSLA stock downgraded by analysts
2022-08-20,AMZN,Market concerns about AMZN competition
2022-08-27,MSFT,MSFT beats revenue expectations
2022-08-27,MSFT,MSFT updates corporate governance
2022-08-27,MSFT,MSFT files quarterly report
2022-09-03,AAPL,AAPL board approves stock split
2022-09-03,AMZN,AMZN faces supply chain issues
2022-09-03,AAPL,AAPL files quarterly report
2022-09-10,AAPL,AAPL CEO announces growth strategy
2022-09-10,TSLA,Positive outlook for TSLA industry sector
2022-09-10,TSLA,TSLA announces conference call
2022-09-17,MSFT,MSFT announces quarterly dividend
2022-09-17,MSFT,MSFT stock upgraded by analysts
2022-09-17,AMZN,AMZN announces conference call
2022-09-24,AMZN,AMZN beats revenue expectations
2022-09-24,MSFT,MSFT board approves stock split
2022-09-24,AMZN,Market concerns about AMZN competition
2022-10-01,TSLA,TSLA announces conference call
2022-10-01,AMZN,AMZN board approves stock split
2022-10-01,AMZN,AMZN participates in conference
2022-10-08,GOOGL,GOOGL beats revenue expectations
2022-10-08,AAPL,AAPL expands into new markets
2022-10-08,AMZN,AMZN stock upgraded by analysts
2022-10-15,GOOGL,GOOGL stock upgraded by analysts
2022-10-15,MSFT,MSFT updates corporate governance
2022-10-15,TSLA,TSLA announces share buyback program
2022-10-22,AMZN,AMZN schedules earnings call
2022-10-22,AAPL,AAPL reports disappointing earnings
2022-10-22,GOOGL,GOOGL updates corporate governance
2022-10-29,MSFT,MSFT announces new product launch
2022-10-29,TSLA,TSLA stock downgraded by analysts
2022-10-29,MSFT,MSFT stock downgraded by analysts
2022-11-05,MSFT,MSFT schedules earnings call
2022-11-05,MSFT,MSFT CEO steps down amid controversy
2022-11-05,GOOGL,GOOGL CEO steps down amid controversy
2022-11-12,AAPL,Market concerns about AAPL competition
2022-11-12,AAPL,AAPL participates in conference
2022-11-12,GOOGL,Positive outlook for GOOGL industry sector
2022-11-19,TSLA,TSLA beats revenue expectations
2022-11-19,AAPL,AAPL reports disappointing earnings
2022-11-19,MSFT,MSFT stock downgraded by analysts
2022-11-26,TSLA,Positive outlook for TSLA industry sector
2022-11-26,GOOGL,GOOGL stock downgraded by analysts
2022-11-26,AMZN,AMZN files quarterly report
2022-12-03,AAPL,AAPL reports disappointing earnings
2022-12-03,AMZN,AMZN schedules earnings call
2022-12-03,TSLA,Market concerns about TSLA competition
2022-12-10,MSFT,MSFT stock downgraded by analysts
2022-12-10,TSLA,TSLA faces supply chain issues
2022-12-10,AMZN,Industry analysis focuses on AMZN
2022-12-17,TSLA,TSLA reports strong quarterly earnings
2022-12-17,GOOGL,Market concerns about GOOGL competition
2022-12-17,MSFT,MSFT faces regulatory scrutiny
2022-12-24,AMZN,AMZN participates in conference
2022-12-24,TSLA,TSLA announces share buyback program
2022-12-24,AAPL,AAPL updates corporate governance
2022-12-31,AMZN,AMZN participates in conference
2022-12-31,GOOGL,GOOGL announces new product launch
2022-12-31,MSFT,MSFT announces layoffs
2023-01-07,AAPL,AAPL reports strong quarterly earnings
2023-01-07,MSFT,Positive outlook for MSFT industry sector
2023-01-07,AMZN,Market concerns about AMZN competition
2023-01-14,MSFT,MSFT files quarterly report
2023-01-14,TSLA,TSLA CEO steps down amid controversy
2023-01-14,GOOGL,GOOGL announces new product launch
2023-01-21,GOOGL,GOOGL CEO announces growth strategy
2023-01-21,MSFT,MSFT beats revenue expectations
2023-01-21,TSLA,TSLA board approves stock split
2023-01-28,TSLA,TSLA announces conference call
2023-01-28,AAPL,Market concerns about AAPL competition
2023-01-28,GOOGL,GOOGL files quarterly report
2023-02-04,AAPL,AAPL beats revenue expectations
2023-02-04,AMZN,Positive outlook for AMZN industry sector
2023-02-04,MSFT,MSFT announces quarterly dividend
2023-02-11,GOOGL,GOOGL faces regulatory scrutiny
2023-02-11,AAPL,AAPL guidance falls short of expectations
2023-02-11,MSFT,MSFT CEO steps down amid controversy
2023-02-18,AAPL,AAPL reports strong quarterly earnings
2023-02-18,GOOGL,GOOGL announces new product launch
2023-02-18,AMZN,AMZN participates in conference
2023-02-25,AAPL,AAPL reports strong quarterly earnings
2023-02-25,AMZN,AMZN CEO announces growth strategy
2023-02-25,GOOGL,GOOGL announces new product launch
2023-03-04,AAPL,AAPL expands into new markets
2023-03-04,GOOGL,GOOGL participates in conference
2023-03-04,GOOGL,GOOGL faces supply chain issues
2023-03-11,GOOGL,GOOGL expands into new markets
2023-03-11,AMZN,AMZN faces supply chain issues
2023-03-11,MSFT,MSFT announces share buyback program
2023-03-18,AAPL,AAPL CEO steps down amid controversy
2023-03-18,GOOGL,GOOGL reports disappointing earnings
2023-03-18,AMZN,AMZN stock upgraded by analysts
2023-03-25,GOOGL,Market concerns about GOOGL competition
2023-03-25,TSLA,TSLA announces quarterly dividend
2023-03-25,TSLA,TSLA updates corporate governance
2023-04-01,MSFT,MSFT guidance falls short of expectations
2023-04-01,AAPL,AAPL announces layoffs
2023-04-01,AAPL,AAPL reports strong quarterly earnings
2023-04-08,TSLA,TSLA reports strong quarterly earnings
2023-04-08,AAPL,AAPL expands into new markets
2023-04-08,AAPL,AAPL guidance falls short of expectations
2023-04-15,AMZN,AMZN announces share buyback program
2023-04-15,AAPL,AAPL announces conference call
2023-04-15,AAPL,Industry analysis focuses on AAPL
2023-04-22,GOOGL,GOOGL beats revenue expectations
2023-04-22,GOOGL,GOOGL CEO steps down amid controversy
2023-04-22,AAPL,Market concerns about AAPL competition
2023-04-29,TSLA,TSLA stock upgraded by analysts
2023-04-29,AAPL,AAPL expands into new markets
2023-04-29,GOOGL,GOOGL guidance falls short of expectations
2023-05-06,GOOGL,GOOGL updates corporate governance
2023-05-06,AMZN,AMZN beats revenue expectations
2023-05-06,GOOGL,GOOGL announces layoffs
2023-05-13,MSFT,MSFT announces quarterly dividend
2023-05-13,GOOGL,GOOGL faces regulatory scrutiny
2023-05-13,GOOGL,GOOGL faces regulatory scrutiny
